block_id,block_start,block_end,block_duration_h,capacity_price_input_unit,capacity_price_raw,capacity_price_EUR_per_MW_h,missing_capacity_price_flag,price_inconsistency_flag,number_of_timesteps,capacity_pricing_rule,opportunity_cost_EUR_per_MW_h,capacity_bid_price_EUR_per_MW_h,capacity_clearing_price_EUR_per_MW_h,capacity_settlement_price_EUR_per_MW_h,activation_expected,capacity_profitable,activation_profitable,technically_feasible,bid_eligible,activation_steps,price_fail_steps,missing_price_steps,min_price_margin_EUR_per_MWh,peak_activation_MW,technical_capacity_MW,compliant_capacity_MW,bid_increment_MW,reserved_capacity_MW,capacity_revenue_EUR,capacity_opportunity_cost_EUR,capacity_market_surplus_EUR,capacity_net_value_EUR,charge_headroom_MW,storage_headroom_MW,activated_energy_MWh,activation_cost_EUR
2025-05-10_00:00_04:00,2025-05-10 00:00:00+02:00,2025-05-10 04:00:00+02:00,4.0,EUR_per_MW_per_h,2.07,2.07,False,False,16,pay_as_bid,0.0,2.07,2.07,2.07,True,True,False,True,False,6,6,0,-32.47903529411765,8.344,10.0,8.0,1.0,0.0,0.0,0.0,0.0,0.0,10.0,204.08163265306123,0.0,0.0
2025-05-10_04:00_08:00,2025-05-10 04:00:00+02:00,2025-05-10 08:00:00+02:00,4.0,EUR_per_MW_per_h,2.39,2.39,False,False,16,pay_as_bid,0.0,2.39,2.39,2.39,True,True,False,True,False,10,7,0,-38.839035294117636,40.528,10.0,10.0,1.0,0.0,0.0,0.0,0.0,0.0,0.0,201.16596254996844,2.5,22.575
2025-05-10_08:00_12:00,2025-05-10 08:00:00+02:00,2025-05-10 12:00:00+02:00,4.0,EUR_per_MW_per_h,48.46,48.46,False,False,16,pay_as_bid,41.44072352941177,48.46,48.46,48.46,True,True,False,True,False,14,1,0,-24.93903529411763,85.116,10.0,10.0,1.0,0.0,0.0,0.0,0.0,0.0,0.0,186.28252610018004,0.0,0.0
2025-05-10_12:00_16:00,2025-05-10 12:00:00+02:00,2025-05-10 16:00:00+02:00,4.0,EUR_per_MW_per_h,85.66,85.66,False,False,16,pay_as_bid,133.8709647058824,85.66,85.66,85.66,True,False,True,True,False,14,0,0,23.21096470588236,110.556,10.0,10.0,1.0,0.0,0.0,0.0,0.0,0.0,0.0,168.54891523661564,2.5,-19.825
2025-05-10_16:00_20:00,2025-05-10 16:00:00+02:00,2025-05-10 20:00:00+02:00,4.0,EUR_per_MW_per_h,27.32,27.32,False,False,16,pay_as_bid,20.79298235294118,27.32,27.32,27.32,True,True,False,True,False,10,3,1,-25.799035294117644,47.732,10.0,10.0,1.0,0.0,0.0,0.0,0.0,0.0,10.0,173.27999158022766,8.024,91.21306
2025-05-10_20:00_00:00,2025-05-10 20:00:00+02:00,2025-05-11 00:00:00+02:00,4.0,EUR_per_MW_per_h,1.27,1.27,False,False,16,pay_as_bid,0.0,1.27,1.27,1.27,True,True,False,True,False,15,12,1,-31.249035294117633,88.492,10.0,10.0,1.0,0.0,0.0,0.0,0.0,0.0,10.0,201.0186871449611,7.5,265.425
2025-05-11_00:00_04:00,2025-05-11 00:00:00+02:00,2025-05-11 04:00:00+02:00,4.0,EUR_per_MW_per_h,2.72,2.72,False,False,16,pay_as_bid,0.0,2.72,2.72,2.72,True,True,False,True,False,13,10,1,-35.279035294117634,20.356,10.0,10.0,1.0,0.0,0.0,0.0,0.0,0.0,10.0,199.48778866926153,4.21,163.9623
2025-05-11_04:00_08:00,2025-05-11 04:00:00+02:00,2025-05-11 08:00:00+02:00,4.0,EUR_per_MW_per_h,3.93,3.93,False,False,16,pay_as_bid,0.0,3.93,3.93,3.93,True,True,False,True,False,8,3,1,-33.73903529411764,60.1,10.0,10.0,1.0,0.0,0.0,0.0,0.0,0.0,0.0,199.45623754299916,7.558,76.62054
2025-05-11_08:00_12:00,2025-05-11 08:00:00+02:00,2025-05-11 12:00:00+02:00,4.0,EUR_per_MW_per_h,78.09,78.09,False,False,16,pay_as_bid,65.38846470588236,78.09,78.09,78.09,True,True,True,True,True,16,0,0,21.11096470588236,159.448,10.0,10.0,1.0,10.0,3123.6000000000004,2615.5385882352944,0.0,508.061411764706,10.0,197.04206144041822,26.697,-723.2763100000001
2025-05-11_12:00_16:00,2025-05-11 12:00:00+02:00,2025-05-11 16:00:00+02:00,4.0,EUR_per_MW_per_h,169.98,169.98,False,False,16,pay_as_bid,251.65596470588233,169.98,169.98,169.98,True,False,True,True,False,16,0,0,14.760964705882358,709.176,10.0,10.0,1.0,0.0,0.0,0.0,0.0,0.0,0.0,177.77460201971664,2.5,-43.2
2025-05-11_16:00_20:00,2025-05-11 16:00:00+02:00,2025-05-11 20:00:00+02:00,4.0,EUR_per_MW_per_h,37.0,37.0,False,False,16,pay_as_bid,29.955482352941182,37.0,37.0,37.0,True,True,True,True,True,4,0,0,16.470964705882366,54.768,10.0,10.0,1.0,10.0,1480.0,1198.2192941176472,0.0,281.7807058823528,10.0,184.90676594659814,7.5169999999999995,-37.39461999999999
2025-05-11_20:00_00:00,2025-05-11 20:00:00+02:00,2025-05-12 00:00:00+02:00,4.0,EUR_per_MW_per_h,1.69,1.69,False,False,16,pay_as_bid,0.0,1.69,1.69,1.69,True,True,False,True,False,16,3,0,-13.029035294117634,122.96,10.0,10.0,1.0,0.0,0.0,0.0,0.0,0.0,10.0,196.58485599501518,24.569,607.34022
2025-05-12_00:00_04:00,2025-05-12 00:00:00+02:00,2025-05-12 04:00:00+02:00,4.0,EUR_per_MW_per_h,8.76,8.76,False,False,16,pay_as_bid,0.0,8.76,8.76,8.76,True,True,False,True,False,6,4,0,-20.629035294117628,10.012,10.0,10.0,1.0,0.0,0.0,0.0,0.0,0.0,10.0,202.5394487691984,2.743,112.05706
2025-05-12_04:00_08:00,2025-05-12 04:00:00+02:00,2025-05-12 08:00:00+02:00,4.0,EUR_per_MW_per_h,31.04,31.04,False,False,16,pay_as_bid,0.0,31.04,31.04,31.04,True,True,False,True,False,10,1,0,-26.809035294117635,160.348,10.0,10.0,1.0,0.0,0.0,0.0,0.0,0.0,0.0,197.58894235511042,16.165,371.3474
2025-05-12_08:00_12:00,2025-05-12 08:00:00+02:00,2025-05-12 12:00:00+02:00,4.0,EUR_per_MW_per_h,431.72,431.72,False,False,16,pay_as_bid,26.16048235294118,431.72,431.72,431.72,True,True,True,True,True,16,0,0,37.660964705882364,681.344,10.0,10.0,1.0,10.0,17268.800000000003,1046.4192941176473,0.0,16222.380705882355,10.0,186.55341839022682,40.0,-204.95
2025-05-12_12:00_16:00,2025-05-12 12:00:00+02:00,2025-05-12 16:00:00+02:00,4.0,EUR_per_MW_per_h,675.0,675.0,False,False,16,pay_as_bid,75.23346470588235,675.0,675.0,675.0,True,True,False,True,False,15,1,0,-30.90903529411763,327.188,10.0,10.0,1.0,0.0,0.0,0.0,0.0,0.0,0.0,177.26249547038825,5.0,19.85
2025-05-12_16:00_20:00,2025-05-12 16:00:00+02:00,2025-05-12 20:00:00+02:00,4.0,EUR_per_MW_per_h,475.73,475.73,False,False,16,pay_as_bid,12.65524117647059,475.73,475.73,475.73,True,True,False,True,False,10,3,0,-21.609035294117646,300.052,10.0,10.0,1.0,0.0,0.0,0.0,0.0,0.0,10.0,192.51536075220136,17.5,133.875
2025-05-12_20:00_00:00,2025-05-12 20:00:00+02:00,2025-05-13 00:00:00+02:00,4.0,EUR_per_MW_per_h,34.0,34.0,False,False,16,pay_as_bid,0.0,34.0,34.0,34.0,True,True,False,True,False,16,7,0,-27.14903529411764,221.856,10.0,10.0,1.0,0.0,0.0,0.0,0.0,0.0,10.0,195.94340845910978,18.687,411.81386000000003
2025-05-13_00:00_04:00,2025-05-13 00:00:00+02:00,2025-05-13 04:00:00+02:00,4.0,EUR_per_MW_per_h,29.64,29.64,False,False,16,pay_as_bid,0.0,29.64,29.64,29.64,True,True,False,True,False,8,7,0,-54.16903529411765,50.56,10.0,10.0,1.0,0.0,0.0,0.0,0.0,0.0,10.0,202.86555859457184,2.5,100.19999999999999
2025-05-13_04:00_08:00,2025-05-13 04:00:00+02:00,2025-05-13 08:00:00+02:00,4.0,EUR_per_MW_per_h,14.15,14.15,False,False,16,pay_as_bid,0.0,14.15,14.15,14.15,True,True,False,True,False,12,10,0,-39.66903529411765,216.728,10.0,10.0,1.0,0.0,0.0,0.0,0.0,0.0,0.0,202.04948611403324,2.5,102.07499999999999
2025-05-13_08:00_12:00,2025-05-13 08:00:00+02:00,2025-05-13 12:00:00+02:00,4.0,EUR_per_MW_per_h,149.53,149.53,False,False,16,pay_as_bid,21.470482352941183,149.53,149.53,149.53,True,True,True,True,True,16,0,0,7.230964705882357,539.816,10.0,10.0,1.0,10.0,5981.2,858.8192941176474,0.0,5122.380705882352,10.0,190.99615338919412,40.0,167.60000000000002
2025-05-13_12:00_16:00,2025-05-13 12:00:00+02:00,2025-05-13 16:00:00+02:00,4.0,EUR_per_MW_per_h,240.0,240.0,False,False,16,pay_as_bid,58.70596470588236,240.0,240.0,240.0,True,True,False,True,False,14,1,0,-14.749035294117633,716.308,10.0,10.0,1.0,0.0,0.0,0.0,0.0,0.0,0.0,184.02843924251056,3.933,77.63121
2025-05-13_16:00_20:00,2025-05-13 16:00:00+02:00,2025-05-13 20:00:00+02:00,4.0,EUR_per_MW_per_h,99.41,99.41,False,False,16,pay_as_bid,12.51524117647059,99.41,99.41,99.41,True,True,False,True,False,10,3,0,-35.50903529411765,91.884,10.0,10.0,1.0,0.0,0.0,0.0,0.0,0.0,10.0,200.59207808844414,17.5,449.125
2025-05-13_20:00_00:00,2025-05-13 20:00:00+02:00,2025-05-14 00:00:00+02:00,4.0,EUR_per_MW_per_h,10.64,10.64,False,False,16,pay_as_bid,0.0,10.64,10.64,10.64,True,True,False,True,False,9,9,2,-36.089035294117636,69.428,10.0,10.0,1.0,0.0,0.0,0.0,0.0,0.0,10.0,204.08163265306123,0.0,0.0
2025-05-14_00:00_04:00,2025-05-14 00:00:00+02:00,2025-05-14 04:00:00+02:00,4.0,EUR_per_MW_per_h,14.26,14.26,False,False,16,pay_as_bid,0.0,14.26,14.26,14.26,True,True,False,True,False,12,12,1,-46.46903529411763,7.156,10.0,7.0,1.0,0.0,0.0,0.0,0.0,0.0,10.0,204.08163265306123,0.0,0.0
2025-05-14_04:00_08:00,2025-05-14 04:00:00+02:00,2025-05-14 08:00:00+02:00,4.0,EUR_per_MW_per_h,8.19,8.19,False,False,16,pay_as_bid,0.0,8.19,8.19,8.19,True,True,False,True,False,14,9,0,-48.24903529411763,882.488,10.0,10.0,1.0,0.0,0.0,0.0,0.0,0.0,0.0,201.0337938561172,10.0,445.25
2025-05-14_08:00_12:00,2025-05-14 08:00:00+02:00,2025-05-14 12:00:00+02:00,4.0,EUR_per_MW_per_h,99.2,99.2,False,False,16,pay_as_bid,25.67298235294118,99.2,99.2,99.2,True,True,True,True,True,15,0,0,3.5109647058823583,412.004,10.0,10.0,1.0,10.0,3968.0,1026.9192941176473,0.0,2941.080705882353,10.0,194.7307840675708,35.48,-750.6744
2025-05-14_12:00_16:00,2025-05-14 12:00:00+02:00,2025-05-14 16:00:00+02:00,4.0,EUR_per_MW_per_h,195.0,195.0,False,False,16,pay_as_bid,73.78096470588235,195.0,195.0,195.0,True,True,True,True,True,15,0,0,13.630964705882363,451.552,10.0,10.0,1.0,10.0,7800.0,2951.238588235294,0.0,4848.761411764706,10.0,189.02010754094516,36.439,109.78921999999999
2025-05-14_16:00_20:00,2025-05-14 16:00:00+02:00,2025-05-14 20:00:00+02:00,4.0,EUR_per_MW_per_h,67.52,67.52,False,False,16,pay_as_bid,17.90298235294118,67.52,67.52,67.52,True,True,False,True,False,16,4,0,-25.48903529411764,471.268,10.0,10.0,1.0,0.0,0.0,0.0,0.0,0.0,0.0,194.88594362495274,25.883,644.58451
2025-05-14_20:00_00:00,2025-05-14 20:00:00+02:00,2025-05-15 00:00:00+02:00,4.0,EUR_per_MW_per_h,5.78,5.78,False,False,16,pay_as_bid,0.0,5.78,5.78,5.78,True,True,False,True,False,15,12,0,-30.16903529411765,163.952,10.0,10.0,1.0,0.0,0.0,0.0,0.0,0.0,10.0,200.59207808844414,7.5,284.4
2025-05-15_00:00_04:00,2025-05-15 00:00:00+02:00,2025-05-15 04:00:00+02:00,4.0,EUR_per_MW_per_h,12.58,12.58,False,False,16,pay_as_bid,0.0,12.58,12.58,12.58,True,True,False,True,False,11,8,0,-30.569035294117654,341.792,10.0,10.0,1.0,0.0,0.0,0.0,0.0,0.0,10.0,200.43432245713234,7.5,244.52499999999998
2025-05-15_04:00_08:00,2025-05-15 04:00:00+02:00,2025-05-15 08:00:00+02:00,4.0,EUR_per_MW_per_h,7.0,7.0,False,False,16,pay_as_bid,0.0,7.0,7.0,7.0,True,True,False,True,False,13,9,0,-37.46903529411763,463.192,10.0,10.0,1.0,0.0,0.0,0.0,0.0,0.0,0.0,200.01835552126562,7.5,297.95
2025-05-15_08:00_12:00,2025-05-15 08:00:00+02:00,2025-05-15 12:00:00+02:00,4.0,EUR_per_MW_per_h,296.07,296.07,False,False,16,pay_as_bid,24.18048235294118,296.07,296.07,296.07,True,True,False,True,False,16,2,0,-20.42903529411764,317.264,10.0,10.0,1.0,0.0,0.0,0.0,0.0,0.0,0.0,188.9731321030761,0.0,0.0
2025-05-15_12:00_16:00,2025-05-15 12:00:00+02:00,2025-05-15 16:00:00+02:00,4.0,EUR_per_MW_per_h,1597.12,1597.12,False,False,16,pay_as_bid,60.76096470588236,1597.12,1597.12,1597.12,True,True,True,True,True,16,0,0,39.40096470588236,432.384,10.0,10.0,1.0,10.0,63884.799999999996,2430.4385882352944,0.0,61454.3614117647,10.0,177.96936051326895,40.0,-47.774999999999984
2025-05-15_16:00_20:00,2025-05-15 16:00:00+02:00,2025-05-15 20:00:00+02:00,4.0,EUR_per_MW_per_h,290.0,290.0,False,False,16,pay_as_bid,24.49798235294118,290.0,290.0,290.0,True,True,False,True,False,14,6,4,-27.70903529411764,309.58,10.0,10.0,1.0,0.0,0.0,0.0,0.0,0.0,0.0,174.94110102478672,14.374,187.2408
2025-05-15_20:00_00:00,2025-05-15 20:00:00+02:00,2025-05-16 00:00:00+02:00,4.0,EUR_per_MW_per_h,4.6,4.6,False,False,16,pay_as_bid,0.0,4.6,4.6,4.6,True,True,False,True,False,15,3,1,-78.48903529411764,589.412,10.0,10.0,1.0,0.0,0.0,0.0,0.0,0.0,10.0,193.6208165323763,24.938,858.19296
2025-05-16_00:00_04:00,2025-05-16 00:00:00+02:00,2025-05-16 04:00:00+02:00,4.0,EUR_per_MW_per_h,7.78,7.78,False,False,16,pay_as_bid,0.0,7.78,7.78,7.78,True,True,False,True,False,10,9,1,-31.18903529411763,66.748,10.0,10.0,1.0,0.0,0.0,0.0,0.0,0.0,10.0,202.86555859457184,2.5,124.525
2025-05-16_04:00_08:00,2025-05-16 04:00:00+02:00,2025-05-16 08:00:00+02:00,4.0,EUR_per_MW_per_h,4.83,4.83,False,False,16,pay_as_bid,0.0,4.83,4.83,4.83,True,True,False,True,False,7,4,0,-31.279035294117634,143.888,10.0,10.0,1.0,0.0,0.0,0.0,0.0,0.0,0.0,202.04948611403324,5.0,180.89999999999998
2025-05-16_08:00_12:00,2025-05-16 08:00:00+02:00,2025-05-16 12:00:00+02:00,4.0,EUR_per_MW_per_h,119.75,119.75,False,False,16,pay_as_bid,22.530482352941178,119.75,119.75,119.75,True,True,True,True,True,13,0,0,14.690964705882365,415.412,10.0,10.0,1.0,10.0,4790.0,901.2192941176471,0.0,3888.780705882353,10.0,196.71128158170558,30.069,-4.596519999999995
2025-05-16_12:00_16:00,2025-05-16 12:00:00+02:00,2025-05-16 16:00:00+02:00,4.0,EUR_per_MW_per_h,246.13,246.13,False,False,16,pay_as_bid,52.28096470588236,246.13,246.13,246.13,True,True,False,True,False,11,1,0,-34.99903529411763,499.988,10.0,10.0,1.0,0.0,0.0,0.0,0.0,0.0,0.0,194.53596705216992,2.5,60.575
2025-05-16_16:00_20:00,2025-05-16 16:00:00+02:00,2025-05-16 20:00:00+02:00,4.0,EUR_per_MW_per_h,74.25,74.25,False,False,16,pay_as_bid,11.90774117647059,74.25,74.25,74.25,True,True,False,True,False,13,9,0,-76.22903529411765,177.608,10.0,10.0,1.0,0.0,0.0,0.0,0.0,0.0,10.0,201.7549721228698,10.0,365.5
2025-05-16_20:00_00:00,2025-05-16 20:00:00+02:00,2025-05-17 00:00:00+02:00,4.0,EUR_per_MW_per_h,3.41,3.41,False,False,16,pay_as_bid,0.0,3.41,3.41,3.41,True,True,False,True,False,14,10,1,-46.93903529411763,295.416,10.0,10.0,1.0,0.0,0.0,0.0,0.0,0.0,10.0,201.7549721228698,10.0,456.0
2025-05-17_00:00_04:00,2025-05-17 00:00:00+02:00,2025-05-17 04:00:00+02:00,4.0,EUR_per_MW_per_h,5.44,5.44,False,False,16,pay_as_bid,0.0,5.44,5.44,5.44,True,True,False,True,False,6,5,1,-68.38903529411765,15.296,10.0,10.0,1.0,0.0,0.0,0.0,0.0,0.0,10.0,201.6497885545971,2.5,112.72500000000001
2025-05-17_04:00_08:00,2025-05-17 04:00:00+02:00,2025-05-17 08:00:00+02:00,4.0,EUR_per_MW_per_h,4.39,4.39,False,False,16,pay_as_bid,0.0,4.39,4.39,4.39,True,True,False,True,False,11,5,0,-51.21903529411763,227.5,10.0,10.0,1.0,0.0,0.0,0.0,0.0,0.0,0.0,199.48778866926153,7.881,334.74781
2025-05-17_08:00_12:00,2025-05-17 08:00:00+02:00,2025-05-17 12:00:00+02:00,4.0,EUR_per_MW_per_h,97.33,97.33,False,False,16,pay_as_bid,38.880723529411775,97.33,97.33,97.33,True,True,False,True,False,15,1,0,-9.629035294117642,232.212,10.0,10.0,1.0,0.0,0.0,0.0,0.0,0.0,0.0,182.24026377381824,0.0,0.0
2025-05-17_12:00_16:00,2025-05-17 12:00:00+02:00,2025-05-17 16:00:00+02:00,4.0,EUR_per_MW_per_h,187.71,187.71,False,False,16,pay_as_bid,58.62346470588236,187.71,187.71,187.71,True,True,True,True,True,9,0,0,33.96096470588236,158.108,10.0,10.0,1.0,10.0,7508.400000000001,2344.9385882352944,0.0,5163.461411764706,10.0,171.82854161868767,22.5,158.15
2025-05-17_16:00_20:00,2025-05-17 16:00:00+02:00,2025-05-17 20:00:00+02:00,4.0,EUR_per_MW_per_h,62.22,62.22,False,False,16,pay_as_bid,24.25298235294118,62.22,62.22,62.22,True,True,False,True,False,11,5,1,-29.19903529411765,484.26,10.0,10.0,1.0,0.0,0.0,0.0,0.0,0.0,10.0,199.6455443005733,12.681000000000001,222.92054
2025-05-17_20:00_00:00,2025-05-17 20:00:00+02:00,2025-05-18 00:00:00+02:00,4.0,EUR_per_MW_per_h,3.14,3.14,False,False,16,pay_as_bid,0.0,3.14,3.14,3.14,True,True,False,True,False,13,9,0,-39.38903529411765,34.516,10.0,10.0,1.0,0.0,0.0,0.0,0.0,0.0,10.0,202.54996844098466,9.121,415.77931
2025-05-18_00:00_04:00,2025-05-18 00:00:00+02:00,2025-05-18 04:00:00+02:00,4.0,EUR_per_MW_per_h,4.37,4.37,False,False,16,pay_as_bid,0.0,4.37,4.37,4.37,True,True,False,True,False,15,12,0,-35.67903529411764,344.776,10.0,10.0,1.0,0.0,0.0,0.0,0.0,0.0,10.0,199.45623754299916,7.5,281.77500000000003
2025-05-18_04:00_08:00,2025-05-18 04:00:00+02:00,2025-05-18 08:00:00+02:00,4.0,EUR_per_MW_per_h,5.73,5.73,False,False,16,pay_as_bid,0.0,5.73,5.73,5.73,True,True,False,True,False,12,7,0,-36.839035294117636,13.456,10.0,10.0,1.0,0.0,0.0,0.0,0.0,0.0,0.0,200.99765043130657,6.495,297.98565
2025-05-18_08:00_12:00,2025-05-18 08:00:00+02:00,2025-05-18 12:00:00+02:00,4.0,EUR_per_MW_per_h,78.05,78.05,False,False,16,pay_as_bid,35.483223529411774,78.05,78.05,78.05,True,True,False,True,False,8,1,0,-1.9490352941176496,116.54,10.0,10.0,1.0,0.0,0.0,0.0,0.0,0.0,0.0,181.98842190381853,0.0,0.0
2025-05-18_12:00_16:00,2025-05-18 12:00:00+02:00,2025-05-18 16:00:00+02:00,4.0,EUR_per_MW_per_h,140.96,140.96,False,False,16,pay_as_bid,58.94596470588236,140.96,140.96,140.96,True,True,True,True,True,15,0,0,21.86096470588236,321.448,10.0,10.0,1.0,10.0,5638.400000000001,2357.8385882352945,0.0,3280.561411764706,10.0,177.31628604519335,29.168,86.66943
2025-05-18_16:00_20:00,2025-05-18 16:00:00+02:00,2025-05-18 20:00:00+02:00,4.0,EUR_per_MW_per_h,48.33,48.33,False,False,16,pay_as_bid,22.93798235294118,48.33,48.33,48.33,True,True,False,True,False,10,4,0,-51.319035294117654,209.572,10.0,10.0,1.0,0.0,0.0,0.0,0.0,0.0,10.0,201.08179728592467,15.0,217.15000000000003
2025-05-18_20:00_00:00,2025-05-18 20:00:00+02:00,2025-05-19 00:00:00+02:00,4.0,EUR_per_MW_per_h,2.76,2.76,False,False,16,pay_as_bid,0.0,2.76,2.76,2.76,True,True,False,True,False,13,13,0,-47.42903529411764,59.208,10.0,10.0,1.0,0.0,0.0,0.0,0.0,0.0,10.0,204.08163265306123,0.0,0.0
2025-05-19_00:00_04:00,2025-05-19 00:00:00+02:00,2025-05-19 04:00:00+02:00,4.0,EUR_per_MW_per_h,3.7,3.7,False,False,16,pay_as_bid,0.0,3.7,3.7,3.7,True,True,False,True,False,11,11,2,-44.93903529411763,9.928,10.0,9.0,1.0,0.0,0.0,0.0,0.0,0.0,10.0,204.08163265306123,0.0,0.0
2025-05-19_04:00_08:00,2025-05-19 04:00:00+02:00,2025-05-19 08:00:00+02:00,4.0,EUR_per_MW_per_h,3.73,3.73,False,False,16,pay_as_bid,0.0,3.73,3.73,3.73,True,True,False,True,False,13,13,0,-51.86903529411764,96.496,10.0,10.0,1.0,0.0,0.0,0.0,0.0,0.0,10.0,204.08163265306123,0.0,0.0
2025-05-19_08:00_12:00,2025-05-19 08:00:00+02:00,2025-05-19 12:00:00+02:00,4.0,EUR_per_MW_per_h,59.02,59.02,False,False,16,pay_as_bid,5.512741176470591,59.02,59.02,59.02,True,True,False,True,False,15,6,0,-42.61903529411764,217.748,10.0,10.0,1.0,0.0,0.0,0.0,0.0,0.0,0.0,197.0779783860179,2.5,35.775
2025-05-19_12:00_16:00,2025-05-19 12:00:00+02:00,2025-05-19 16:00:00+02:00,4.0,EUR_per_MW_per_h,98.19,98.19,False,False,16,pay_as_bid,37.13096470588236,98.19,98.19,98.19,True,True,False,True,False,12,1,0,-4.099035294117641,281.032,10.0,10.0,1.0,0.0,0.0,0.0,0.0,0.0,0.0,196.4422371893385,22.708,229.6651
2025-05-19_16:00_20:00,2025-05-19 16:00:00+02:00,2025-05-19 20:00:00+02:00,4.0,EUR_per_MW_per_h,34.66,34.66,False,False,16,pay_as_bid,0.0,34.66,34.66,34.66,True,True,False,True,False,14,8,1,-173.73903529411763,118.744,10.0,10.0,1.0,0.0,0.0,0.0,0.0,0.0,10.0,201.0337938561172,13.381,244.46239
2025-05-19_20:00_00:00,2025-05-19 20:00:00+02:00,2025-05-20 00:00:00+02:00,4.0,EUR_per_MW_per_h,2.35,2.35,False,False,16,pay_as_bid,0.0,2.35,2.35,2.35,True,True,False,True,False,14,6,0,-48.87903529411763,346.772,10.0,10.0,1.0,0.0,0.0,0.0,0.0,0.0,10.0,194.7819673156001,20.0,745.5
