datetime,building_1_electricity_demand,bus_route_7k_availability,bus_route_7k_trip_distance_km,bus_route_79_availability,bus_route_79_trip_distance_km,bus_route_101_availability,bus_route_101_trip_distance_km,regional_grid_load_mw,regional_grid_load_fraction,grid_congestion_weight,regional_grid_load_state,regional_grid_load_source_year,regional_grid_load_profile,regional_grid_load_interpolated,tou_period,is_public_holiday,base_energy_charge_thb_per_kwh,fuel_adjustment_thb_per_kwh,vat_rate,electricity_import_price_thb_per_mwh,electricity_import_price_with_vat_thb_per_mwh,v2g_export_price_current_thb_per_mwh,tariff_assumption_year,v2g_export_price_plus_500_thb_per_mwh,v2g_export_price_plus_1000_thb_per_mwh,v2g_export_price_plus_1500_thb_per_mwh,v2g_export_price_plus_2000_thb_per_mwh,v2g_export_price_plus_2500_thb_per_mwh,v2g_export_price_plus_3000_thb_per_mwh,v2g_export_price_plus_3500_thb_per_mwh,v2g_export_price_plus_4000_thb_per_mwh,v2g_export_price_plus_4500_thb_per_mwh,v2g_export_price_plus_5000_thb_per_mwh,grid_stress_threshold,synthetic_outage_event,grid_connection_available,synthetic_outage_event_id,synthetic_outage_duration_hours,synthetic_outage_trigger_weight
2024-04-29 09:30:00,0,0.0,4.0,0.0,4.375,1.0,0.0,10447.55,0.9157930260689678,0.9700169781752128,stressed,2024,historical_2024,1,on_peak,0,4.3297,0.1623,0.07,4492.0,4806.4400000000005,2200.0,2026,2700.0,3200.0,3700.0,4200.0,4700.0,5200.0,5700.0,6200.0,6700.0,7200.0,0.8,1,0,I08a,8,0.9
2024-04-29 09:45:00,0,0.0,4.0,0.0,4.375,1.0,0.0,10545.375,0.92436799845725,1.0,stressed,2024,historical_2024,1,on_peak,0,4.3297,0.1623,0.07,4492.0,4806.4400000000005,2200.0,2026,2700.0,3200.0,3700.0,4200.0,4700.0,5200.0,5700.0,6200.0,6700.0,7200.0,0.8,1,0,I08a,8,0.9
2024-04-29 10:00:00,0,0.0,4.0,0.0,4.375,0.0,4.8,10643.2,0.932942970845532,1.0,stressed,2024,historical_2024,0,on_peak,0,4.3297,0.1623,0.07,4492.0,4806.4400000000005,2200.0,2026,2700.0,3200.0,3700.0,4200.0,4700.0,5200.0,5700.0,6200.0,6700.0,7200.0,0.8,1,0,I08a,8,0.9
2024-04-29 10:15:00,0,0.0,4.0,0.0,4.375,0.0,4.8,10693.4,0.9373433144580214,1.0,stressed,2024,historical_2024,1,on_peak,0,4.3297,0.1623,0.07,4492.0,4806.4400000000005,2200.0,2026,2700.0,3200.0,3700.0,4200.0,4700.0,5200.0,5700.0,6200.0,6700.0,7200.0,0.8,1,0,I08a,8,0.9
2024-04-29 10:30:00,0,1.0,0.0,0.0,4.375,0.0,4.8,10743.6,0.9417436580705106,1.0,stressed,2024,historical_2024,1,on_peak,0,4.3297,0.1623,0.07,4492.0,4806.4400000000005,2200.0,2026,2700.0,3200.0,3700.0,4200.0,4700.0,5200.0,5700.0,6200.0,6700.0,7200.0,0.8,1,0,I08a,8,0.9
2024-04-29 10:45:00,0,1.0,0.0,0.0,4.375,0.0,4.8,10793.8,0.9461440016829998,1.0,stressed,2024,historical_2024,1,on_peak,0,4.3297,0.1623,0.07,4492.0,4806.4400000000005,2200.0,2026,2700.0,3200.0,3700.0,4200.0,4700.0,5200.0,5700.0,6200.0,6700.0,7200.0,0.8,1,0,I08a,8,0.9
2024-04-29 11:00:00,0,0.0,4.0,1.0,0.0,0.0,4.8,10844.0,0.9505443452954891,1.0,stressed,2024,historical_2024,0,on_peak,0,4.3297,0.1623,0.07,4492.0,4806.4400000000005,2200.0,2026,2700.0,3200.0,3700.0,4200.0,4700.0,5200.0,5700.0,6200.0,6700.0,7200.0,0.8,1,0,I08a,8,0.9
2024-04-29 11:15:00,0,0.0,4.0,1.0,0.0,0.0,4.8,10742.3,0.9416297049490716,1.0,stressed,2024,historical_2024,1,on_peak,0,4.3297,0.1623,0.07,4492.0,4806.4400000000005,2200.0,2026,2700.0,3200.0,3700.0,4200.0,4700.0,5200.0,5700.0,6200.0,6700.0,7200.0,0.8,1,0,I08a,8,0.9
2024-04-29 11:30:00,0,0.0,4.0,0.0,4.375,0.0,4.8,10640.6,0.9327150646026542,1.0,stressed,2024,historical_2024,1,on_peak,0,4.3297,0.1623,0.07,4492.0,4806.4400000000005,2200.0,2026,2700.0,3200.0,3700.0,4200.0,4700.0,5200.0,5700.0,6200.0,6700.0,7200.0,0.8,1,0,I08a,8,0.9
2024-04-29 11:45:00,0,0.0,4.0,0.0,4.375,0.0,4.8,10538.9,0.9238004242562368,1.0,stressed,2024,historical_2024,1,on_peak,0,4.3297,0.1623,0.07,4492.0,4806.4400000000005,2200.0,2026,2700.0,3200.0,3700.0,4200.0,4700.0,5200.0,5700.0,6200.0,6700.0,7200.0,0.8,1,0,I08a,8,0.9
2024-04-29 12:00:00,0,0.0,4.0,0.0,4.375,0.0,4.8,10437.2,0.9148857839098192,0.959282456888192,stressed,2024,historical_2024,0,on_peak,0,4.3297,0.1623,0.07,4492.0,4806.4400000000005,2200.0,2026,2700.0,3200.0,3700.0,4200.0,4700.0,5200.0,5700.0,6200.0,6700.0,7200.0,0.8,1,0,I08a,8,0.9
2024-04-29 12:15:00,0,0.0,4.0,0.0,4.375,0.0,4.8,10494.825,0.9199369751582196,1.0,stressed,2024,historical_2024,1,on_peak,0,4.3297,0.1623,0.07,4492.0,4806.4400000000005,2200.0,2026,2700.0,3200.0,3700.0,4200.0,4700.0,5200.0,5700.0,6200.0,6700.0,7200.0,0.8,1,0,I08a,8,0.9
2024-04-29 12:30:00,0,0.0,4.0,0.0,4.375,1.0,0.0,10552.45,0.9249881664066198,1.0,stressed,2024,historical_2024,1,on_peak,0,4.3297,0.1623,0.07,4492.0,4806.4400000000005,2200.0,2026,2700.0,3200.0,3700.0,4200.0,4700.0,5200.0,5700.0,6200.0,6700.0,7200.0,0.8,1,0,I08a,8,0.9
2024-04-29 12:45:00,0,0.0,4.0,0.0,4.375,1.0,0.0,10610.075,0.93003935765502,1.0,stressed,2024,historical_2024,1,on_peak,0,4.3297,0.1623,0.07,4492.0,4806.4400000000005,2200.0,2026,2700.0,3200.0,3700.0,4200.0,4700.0,5200.0,5700.0,6200.0,6700.0,7200.0,0.8,1,0,I08a,8,0.9
2024-04-29 13:00:00,0,0.0,4.0,0.0,4.375,0.0,4.8,10667.7,0.9350905489034204,1.0,stressed,2024,historical_2024,0,on_peak,0,4.3297,0.1623,0.07,4492.0,4806.4400000000005,2200.0,2026,2700.0,3200.0,3700.0,4200.0,4700.0,5200.0,5700.0,6200.0,6700.0,7200.0,0.8,1,0,I08a,8,0.9
2024-04-29 13:15:00,0,0.0,4.0,0.0,4.375,0.0,4.8,10826.95,0.9490498062796936,1.0,stressed,2024,historical_2024,1,on_peak,0,4.3297,0.1623,0.07,4492.0,4806.4400000000005,2200.0,2026,2700.0,3200.0,3700.0,4200.0,4700.0,5200.0,5700.0,6200.0,6700.0,7200.0,0.8,1,0,I08a,8,0.9
2024-04-29 13:30:00,0,1.0,0.0,1.0,0.0,0.0,4.8,10986.2,0.9630090636559668,1.0,stressed,2024,historical_2024,1,on_peak,0,4.3297,0.1623,0.07,4492.0,4806.4400000000005,2200.0,2026,2700.0,3200.0,3700.0,4200.0,4700.0,5200.0,5700.0,6200.0,6700.0,7200.0,0.8,1,0,I08a,8,0.9
2024-04-29 13:45:00,0,1.0,0.0,1.0,0.0,0.0,4.8,11145.45,0.97696832103224,1.0,stressed,2024,historical_2024,1,on_peak,0,4.3297,0.1623,0.07,4492.0,4806.4400000000005,2200.0,2026,2700.0,3200.0,3700.0,4200.0,4700.0,5200.0,5700.0,6200.0,6700.0,7200.0,0.8,1,0,I08a,8,0.9
2024-04-29 14:00:00,0,0.0,4.0,0.0,4.375,0.0,4.8,11304.7,0.9909275784085132,1.0,stressed,2024,historical_2024,0,on_peak,0,4.3297,0.1623,0.07,4492.0,4806.4400000000005,2200.0,2026,2700.0,3200.0,3700.0,4200.0,4700.0,5200.0,5700.0,6200.0,6700.0,7200.0,0.8,1,0,I08a,8,0.9
2024-04-29 14:15:00,0,0.0,4.0,0.0,4.375,0.0,4.8,11330.575,0.9931956838063848,1.0,stressed,2024,historical_2024,1,on_peak,0,4.3297,0.1623,0.07,4492.0,4806.4400000000005,2200.0,2026,2700.0,3200.0,3700.0,4200.0,4700.0,5200.0,5700.0,6200.0,6700.0,7200.0,0.8,1,0,I08a,8,0.9
2024-04-29 14:30:00,0,0.0,4.0,0.0,4.375,0.0,4.8,11356.45,0.9954637892042566,1.0,stressed,2024,historical_2024,1,on_peak,0,4.3297,0.1623,0.07,4492.0,4806.4400000000005,2200.0,2026,2700.0,3200.0,3700.0,4200.0,4700.0,5200.0,5700.0,6200.0,6700.0,7200.0,0.8,1,0,I08a,8,0.9
2024-04-29 14:45:00,0,0.0,4.0,0.0,4.375,0.0,4.8,11382.325,0.9977318946021284,1.0,stressed,2024,historical_2024,1,on_peak,0,4.3297,0.1623,0.07,4492.0,4806.4400000000005,2200.0,2026,2700.0,3200.0,3700.0,4200.0,4700.0,5200.0,5700.0,6200.0,6700.0,7200.0,0.8,1,0,I08a,8,0.9
2024-04-29 15:00:00,0,0.0,4.0,0.0,4.375,0.0,4.8,11408.2,1.0,1.0,stressed,2024,historical_2024,0,on_peak,0,4.3297,0.1623,0.07,4492.0,4806.4400000000005,2200.0,2026,2700.0,3200.0,3700.0,4200.0,4700.0,5200.0,5700.0,6200.0,6700.0,7200.0,0.8,1,0,I08a,8,0.9
2024-04-29 15:15:00,0,0.0,4.0,0.0,4.375,0.0,4.8,11407.525,0.999940832033099,1.0,stressed,2024,historical_2024,1,on_peak,0,4.3297,0.1623,0.07,4492.0,4806.4400000000005,2200.0,2026,2700.0,3200.0,3700.0,4200.0,4700.0,5200.0,5700.0,6200.0,6700.0,7200.0,0.8,1,0,I08a,8,0.9
2024-04-29 15:30:00,0,0.0,4.0,0.0,4.375,1.0,0.0,11406.85,0.999881664066198,1.0,stressed,2024,historical_2024,1,on_peak,0,4.3297,0.1623,0.07,4492.0,4806.4400000000005,2200.0,2026,2700.0,3200.0,3700.0,4200.0,4700.0,5200.0,5700.0,6200.0,6700.0,7200.0,0.8,1,0,I08a,8,0.9
2024-04-29 15:45:00,0,0.0,4.0,0.0,4.375,1.0,0.0,11406.175,0.9998224960992969,1.0,stressed,2024,historical_2024,1,on_peak,0,4.3297,0.1623,0.07,4492.0,4806.4400000000005,2200.0,2026,2700.0,3200.0,3700.0,4200.0,4700.0,5200.0,5700.0,6200.0,6700.0,7200.0,0.8,1,0,I08a,8,0.9
2024-04-29 16:00:00,0,0.0,4.0,1.0,0.0,0.0,4.8,11405.5,0.999763328132396,1.0,stressed,2024,historical_2024,0,on_peak,0,4.3297,0.1623,0.07,4492.0,4806.4400000000005,2200.0,2026,2700.0,3200.0,3700.0,4200.0,4700.0,5200.0,5700.0,6200.0,6700.0,7200.0,0.8,1,0,I08a,8,0.9
2024-04-29 16:15:00,0,0.0,4.0,1.0,0.0,0.0,4.8,11202.2,0.9819428130642872,1.0,stressed,2024,historical_2024,1,on_peak,0,4.3297,0.1623,0.07,4492.0,4806.4400000000005,2200.0,2026,2700.0,3200.0,3700.0,4200.0,4700.0,5200.0,5700.0,6200.0,6700.0,7200.0,0.8,1,0,I08a,8,0.9
2024-04-29 16:30:00,0,1.0,0.0,0.0,4.375,0.0,4.8,10998.9,0.964122297996178,1.0,stressed,2024,historical_2024,1,on_peak,0,4.3297,0.1623,0.07,4492.0,4806.4400000000005,2200.0,2026,2700.0,3200.0,3700.0,4200.0,4700.0,5200.0,5700.0,6200.0,6700.0,7200.0,0.8,1,0,I08a,8,0.9
2024-04-29 16:45:00,0,1.0,0.0,0.0,4.375,0.0,4.8,10795.6,0.9463017829280692,1.0,stressed,2024,historical_2024,1,on_peak,0,4.3297,0.1623,0.07,4492.0,4806.4400000000005,2200.0,2026,2700.0,3200.0,3700.0,4200.0,4700.0,5200.0,5700.0,6200.0,6700.0,7200.0,0.8,1,0,I08a,8,0.9
2024-04-29 17:00:00,0,0.0,4.0,0.0,4.375,0.0,4.8,10592.3,0.9284812678599602,1.0,stressed,2024,historical_2024,0,on_peak,0,4.3297,0.1623,0.07,4492.0,4806.4400000000005,2200.0,2026,2700.0,3200.0,3700.0,4200.0,4700.0,5200.0,5700.0,6200.0,6700.0,7200.0,0.8,1,0,I08a,8,0.9
2024-04-29 17:15:00,0,0.0,4.0,0.0,4.375,0.0,4.8,10452.3,0.9162093932434564,0.9749434492972764,stressed,2024,historical_2024,1,on_peak,0,4.3297,0.1623,0.07,4492.0,4806.4400000000005,2200.0,2026,2700.0,3200.0,3700.0,4200.0,4700.0,5200.0,5700.0,6200.0,6700.0,7200.0,0.8,1,0,I08a,8,0.9
2024-04-29 17:30:00,0,0.0,4.0,0.0,4.375,0.0,4.8,10312.3,0.9039375186269524,0.8297421951733017,stressed,2024,historical_2024,1,on_peak,0,4.3297,0.1623,0.07,4492.0,4806.4400000000005,2200.0,2026,2700.0,3200.0,3700.0,4200.0,4700.0,5200.0,5700.0,6200.0,6700.0,7200.0,0.8,0,1,I08a,8,0.9
2024-04-29 17:45:00,0,0.0,4.0,0.0,4.375,0.0,4.8,10172.3,0.8916656440104485,0.6845409410493271,elevated,2024,historical_2024,1,on_peak,0,4.3297,0.1623,0.07,4492.0,4806.4400000000005,2200.0,2026,2700.0,3200.0,3700.0,4200.0,4700.0,5200.0,5700.0,6200.0,6700.0,7200.0,0.8,0,1,I08a,8,0.9
2024-04-29 18:00:00,0,0.0,4.0,0.0,4.375,0.0,4.8,10032.3,0.8793937693939445,0.5393396869253525,elevated,2024,historical_2024,0,on_peak,0,4.3297,0.1623,0.07,4492.0,4806.4400000000005,2200.0,2026,2700.0,3200.0,3700.0,4200.0,4700.0,5200.0,5700.0,6200.0,6700.0,7200.0,0.8,0,1,I08a,8,0.9
2024-04-29 18:15:00,0,0.0,4.0,0.0,4.375,0.0,4.8,10096.6,0.8850300660928102,0.6060285486408629,elevated,2024,historical_2024,1,on_peak,0,4.3297,0.1623,0.07,4492.0,4806.4400000000005,2200.0,2026,2700.0,3200.0,3700.0,4200.0,4700.0,5200.0,5700.0,6200.0,6700.0,7200.0,0.8,0,1,I08a,8,0.9
2024-04-29 18:30:00,0,0.0,4.0,1.0,0.0,1.0,0.0,10160.9,0.8906663627916761,0.6727174103563752,elevated,2024,historical_2024,1,on_peak,0,4.3297,0.1623,0.07,4492.0,4806.4400000000005,2200.0,2026,2700.0,3200.0,3700.0,4200.0,4700.0,5200.0,5700.0,6200.0,6700.0,7200.0,0.8,0,1,I08a,8,0.9
2024-04-29 18:45:00,0,0.0,4.0,1.0,0.0,1.0,0.0,10225.2,0.8963026594905419,0.7394062720718876,elevated,2024,historical_2024,1,on_peak,0,4.3297,0.1623,0.07,4492.0,4806.4400000000005,2200.0,2026,2700.0,3200.0,3700.0,4200.0,4700.0,5200.0,5700.0,6200.0,6700.0,7200.0,0.8,0,1,I08a,8,0.9
2024-04-29 19:00:00,0,0.0,4.0,0.0,4.375,0.0,4.8,10289.5,0.9019389561894076,0.806095133787398,stressed,2024,historical_2024,0,on_peak,0,4.3297,0.1623,0.07,4492.0,4806.4400000000005,2200.0,2026,2700.0,3200.0,3700.0,4200.0,4700.0,5200.0,5700.0,6200.0,6700.0,7200.0,0.8,0,1,I08a,8,0.9
2024-04-29 19:15:00,0,0.0,4.0,0.0,4.375,0.0,4.8,10353.325,0.9075336161708244,0.8722913483907018,stressed,2024,historical_2024,1,on_peak,0,4.3297,0.1623,0.07,4492.0,4806.4400000000005,2200.0,2026,2700.0,3200.0,3700.0,4200.0,4700.0,5200.0,5700.0,6200.0,6700.0,7200.0,0.8,0,1,I08a,8,0.9
2024-04-29 19:30:00,0,1.0,0.0,0.0,4.375,0.0,4.8,10417.15,0.9131282761522412,0.9384875629940074,stressed,2024,historical_2024,1,on_peak,0,4.3297,0.1623,0.07,4492.0,4806.4400000000005,2200.0,2026,2700.0,3200.0,3700.0,4200.0,4700.0,5200.0,5700.0,6200.0,6700.0,7200.0,0.8,0,1,I08a,8,0.9
2024-04-29 19:45:00,0,1.0,0.0,0.0,4.375,0.0,4.8,10480.975,0.918722936133658,1.0,stressed,2024,historical_2024,1,on_peak,0,4.3297,0.1623,0.07,4492.0,4806.4400000000005,2200.0,2026,2700.0,3200.0,3700.0,4200.0,4700.0,5200.0,5700.0,6200.0,6700.0,7200.0,0.8,0,1,I08a,8,0.9
2024-04-29 20:00:00,0,0.0,4.0,0.0,4.375,0.0,4.8,10544.8,0.924317596115075,1.0,stressed,2024,historical_2024,0,on_peak,0,4.3297,0.1623,0.07,4492.0,4806.4400000000005,2200.0,2026,2700.0,3200.0,3700.0,4200.0,4700.0,5200.0,5700.0,6200.0,6700.0,7200.0,0.8,0,1,I08a,8,0.9
2024-04-29 20:15:00,0,0.0,4.0,0.0,4.375,0.0,4.8,10589.775,0.9282599358356268,1.0,stressed,2024,historical_2024,1,on_peak,0,4.3297,0.1623,0.07,4492.0,4806.4400000000005,2200.0,2026,2700.0,3200.0,3700.0,4200.0,4700.0,5200.0,5700.0,6200.0,6700.0,7200.0,0.8,0,1,I08a,8,0.9
2024-04-29 20:30:00,0,0.0,4.0,0.0,4.375,0.0,4.8,10634.75,0.9322022755561788,1.0,stressed,2024,historical_2024,1,on_peak,0,4.3297,0.1623,0.07,4492.0,4806.4400000000005,2200.0,2026,2700.0,3200.0,3700.0,4200.0,4700.0,5200.0,5700.0,6200.0,6700.0,7200.0,0.8,0,1,I08a,8,0.9
2024-04-29 20:45:00,0,0.0,4.0,0.0,4.375,0.0,4.8,10679.725,0.9361446152767308,1.0,stressed,2024,historical_2024,1,on_peak,0,4.3297,0.1623,0.07,4492.0,4806.4400000000005,2200.0,2026,2700.0,3200.0,3700.0,4200.0,4700.0,5200.0,5700.0,6200.0,6700.0,7200.0,0.8,0,1,I08a,8,0.9
2024-04-29 21:00:00,0,0.0,4.0,1.0,0.0,0.0,4.8,10724.7,0.9400869549972828,1.0,stressed,2024,historical_2024,0,on_peak,0,4.3297,0.1623,0.07,4492.0,4806.4400000000005,2200.0,2026,2700.0,3200.0,3700.0,4200.0,4700.0,5200.0,5700.0,6200.0,6700.0,7200.0,0.8,0,1,I08a,8,0.9
2024-04-29 21:15:00,0,0.0,4.0,1.0,0.0,0.0,4.8,10675.725,0.9357939902876876,1.0,stressed,2024,historical_2024,1,on_peak,0,4.3297,0.1623,0.07,4492.0,4806.4400000000005,2200.0,2026,2700.0,3200.0,3700.0,4200.0,4700.0,5200.0,5700.0,6200.0,6700.0,7200.0,0.8,0,1,I08a,8,0.9
2024-04-29 21:30:00,0,0.0,4.0,0.0,4.375,1.0,0.0,10626.75,0.9315010255780928,1.0,stressed,2024,historical_2024,1,on_peak,0,4.3297,0.1623,0.07,4492.0,4806.4400000000005,2200.0,2026,2700.0,3200.0,3700.0,4200.0,4700.0,5200.0,5700.0,6200.0,6700.0,7200.0,0.8,0,1,I08a,8,0.9
2024-04-29 21:45:00,0,0.0,4.0,0.0,4.375,1.0,0.0,10577.775,0.927208060868498,1.0,stressed,2024,historical_2024,1,on_peak,0,4.3297,0.1623,0.07,4492.0,4806.4400000000005,2200.0,2026,2700.0,3200.0,3700.0,4200.0,4700.0,5200.0,5700.0,6200.0,6700.0,7200.0,0.8,0,1,I08a,8,0.9
2024-04-29 22:00:00,0,0.0,4.0,0.0,4.375,1.0,0.0,10528.8,0.9229150961589032,1.0,stressed,2024,historical_2024,0,off_peak,0,2.6369,0.1623,0.07,2799.2,2995.144,2200.0,2026,2700.0,3200.0,3700.0,4200.0,4700.0,5200.0,5700.0,6200.0,6700.0,7200.0,0.8,0,1,I08a,8,0.9
2024-04-29 22:15:00,0,0.0,4.0,0.0,4.375,1.0,0.0,10463.175,0.9171626549324168,0.9862224752872636,stressed,2024,historical_2024,1,off_peak,0,2.6369,0.1623,0.07,2799.2,2995.144,2200.0,2026,2700.0,3200.0,3700.0,4200.0,4700.0,5200.0,5700.0,6200.0,6700.0,7200.0,0.8,0,1,I08a,8,0.9
2024-04-29 22:30:00,0,1.0,0.0,0.0,4.375,1.0,0.0,10397.55,0.9114102137059308,0.9181593874166504,stressed,2024,historical_2024,1,off_peak,0,2.6369,0.1623,0.07,2799.2,2995.144,2200.0,2026,2700.0,3200.0,3700.0,4200.0,4700.0,5200.0,5700.0,6200.0,6700.0,7200.0,0.8,0,1,I08a,8,0.9
2024-04-29 22:45:00,0,1.0,0.0,0.0,4.375,1.0,0.0,10331.925,0.9056577724794443,0.8500962995460374,stressed,2024,historical_2024,1,off_peak,0,2.6369,0.1623,0.07,2799.2,2995.144,2200.0,2026,2700.0,3200.0,3700.0,4200.0,4700.0,5200.0,5700.0,6200.0,6700.0,7200.0,0.8,0,1,I08a,8,0.9
2024-04-29 23:00:00,0,1.0,0.0,0.0,4.375,1.0,0.0,10266.3,0.8999053312529582,0.7820332116754243,elevated,2024,historical_2024,0,off_peak,0,2.6369,0.1623,0.07,2799.2,2995.144,2200.0,2026,2700.0,3200.0,3700.0,4200.0,4700.0,5200.0,5700.0,6200.0,6700.0,7200.0,0.8,0,1,I08a,8,0.9
2024-04-29 23:15:00,0,1.0,0.0,0.0,4.375,1.0,0.0,10115.8,0.8867130660402166,0.6259418634921516,elevated,2024,historical_2024,1,off_peak,0,2.6369,0.1623,0.07,2799.2,2995.144,2200.0,2026,2700.0,3200.0,3700.0,4200.0,4700.0,5200.0,5700.0,6200.0,6700.0,7200.0,0.8,0,1,I08a,8,0.9
2024-04-29 23:30:00,0,1.0,0.0,1.0,0.0,1.0,0.0,9965.3,0.8735208008274749,0.4698505153088789,elevated,2024,historical_2024,1,off_peak,0,2.6369,0.1623,0.07,2799.2,2995.144,2200.0,2026,2700.0,3200.0,3700.0,4200.0,4700.0,5200.0,5700.0,6200.0,6700.0,7200.0,0.8,0,1,I08a,8,0.9
2024-04-29 23:45:00,0,1.0,0.0,1.0,0.0,1.0,0.0,9814.8,0.8603285356147331,0.3137591671256062,elevated,2024,historical_2024,1,off_peak,0,2.6369,0.1623,0.07,2799.2,2995.144,2200.0,2026,2700.0,3200.0,3700.0,4200.0,4700.0,5200.0,5700.0,6200.0,6700.0,7200.0,0.8,0,1,I08a,8,0.9
2024-04-30 00:00:00,0,1.0,0.0,1.0,0.0,1.0,0.0,9664.3,0.8471362704019915,0.1576678189423334,elevated,2024,historical_2024,0,off_peak,0,2.6369,0.1623,0.07,2799.2,2995.144,2200.0,2026,2700.0,3200.0,3700.0,4200.0,4700.0,5200.0,5700.0,6200.0,6700.0,7200.0,0.8,0,1,I08a,8,0.9
2024-04-30 00:15:00,0,1.0,0.0,1.0,0.0,1.0,0.0,9533.125,0.8356379621675636,0.0216194295872458,elevated,2024,historical_2024,1,off_peak,0,2.6369,0.1623,0.07,2799.2,2995.144,2200.0,2026,2700.0,3200.0,3700.0,4200.0,4700.0,5200.0,5700.0,6200.0,6700.0,7200.0,0.8,0,1,I08a,8,0.9
2024-04-30 00:30:00,0,1.0,0.0,1.0,0.0,1.0,0.0,9401.95,0.8241396539331358,0.0,normal,2024,historical_2024,1,off_peak,0,2.6369,0.1623,0.07,2799.2,2995.144,2200.0,2026,2700.0,3200.0,3700.0,4200.0,4700.0,5200.0,5700.0,6200.0,6700.0,7200.0,0.8,0,1,I08a,8,0.9
2024-04-30 00:45:00,0,1.0,0.0,1.0,0.0,1.0,0.0,9270.775,0.8126413456987078,0.0,normal,2024,historical_2024,1,off_peak,0,2.6369,0.1623,0.07,2799.2,2995.144,2200.0,2026,2700.0,3200.0,3700.0,4200.0,4700.0,5200.0,5700.0,6200.0,6700.0,7200.0,0.8,0,1,I08a,8,0.9
2024-04-30 01:00:00,0,1.0,0.0,1.0,0.0,1.0,0.0,9139.6,0.8011430374642801,0.0,normal,2024,historical_2024,0,off_peak,0,2.6369,0.1623,0.07,2799.2,2995.144,2200.0,2026,2700.0,3200.0,3700.0,4200.0,4700.0,5200.0,5700.0,6200.0,6700.0,7200.0,0.8,0,1,I08a,8,0.9
2024-04-30 01:15:00,0,1.0,0.0,1.0,0.0,1.0,0.0,9046.625,0.7929931978752125,0.0,normal,2024,historical_2024,1,off_peak,0,2.6369,0.1623,0.07,2799.2,2995.144,2200.0,2026,2700.0,3200.0,3700.0,4200.0,4700.0,5200.0,5700.0,6200.0,6700.0,7200.0,0.8,0,1,I08a,8,0.9
2024-04-30 01:30:00,0,1.0,0.0,1.0,0.0,1.0,0.0,8953.650000000001,0.7848433582861452,0.0,normal,2024,historical_2024,1,off_peak,0,2.6369,0.1623,0.07,2799.2,2995.144,2200.0,2026,2700.0,3200.0,3700.0,4200.0,4700.0,5200.0,5700.0,6200.0,6700.0,7200.0,0.8,0,1,I08a,8,0.9
2024-04-30 01:45:00,0,1.0,0.0,1.0,0.0,1.0,0.0,8860.675000000001,0.7766935186970776,0.0,normal,2024,historical_2024,1,off_peak,0,2.6369,0.1623,0.07,2799.2,2995.144,2200.0,2026,2700.0,3200.0,3700.0,4200.0,4700.0,5200.0,5700.0,6200.0,6700.0,7200.0,0.8,0,1,I08a,8,0.9
2024-04-30 02:00:00,0,1.0,0.0,1.0,0.0,1.0,0.0,8767.7,0.76854367910801,0.0,normal,2024,historical_2024,0,off_peak,0,2.6369,0.1623,0.07,2799.2,2995.144,2200.0,2026,2700.0,3200.0,3700.0,4200.0,4700.0,5200.0,5700.0,6200.0,6700.0,7200.0,0.8,0,1,I08a,8,0.9
2024-04-30 02:15:00,0,1.0,0.0,1.0,0.0,1.0,0.0,8671.825,0.7601396364018864,0.0,normal,2024,historical_2024,1,off_peak,0,2.6369,0.1623,0.07,2799.2,2995.144,2200.0,2026,2700.0,3200.0,3700.0,4200.0,4700.0,5200.0,5700.0,6200.0,6700.0,7200.0,0.8,0,1,I08a,8,0.9
2024-04-30 02:30:00,0,1.0,0.0,1.0,0.0,1.0,0.0,8575.95,0.7517355936957627,0.0,normal,2024,historical_2024,1,off_peak,0,2.6369,0.1623,0.07,2799.2,2995.144,2200.0,2026,2700.0,3200.0,3700.0,4200.0,4700.0,5200.0,5700.0,6200.0,6700.0,7200.0,0.8,0,1,I08a,8,0.9
2024-04-30 02:45:00,0,1.0,0.0,1.0,0.0,1.0,0.0,8480.075,0.7433315509896391,0.0,normal,2024,historical_2024,1,off_peak,0,2.6369,0.1623,0.07,2799.2,2995.144,2200.0,2026,2700.0,3200.0,3700.0,4200.0,4700.0,5200.0,5700.0,6200.0,6700.0,7200.0,0.8,0,1,I08a,8,0.9
2024-04-30 03:00:00,0,1.0,0.0,1.0,0.0,1.0,0.0,8384.2,0.7349275082835154,0.0,normal,2024,historical_2024,0,off_peak,0,2.6369,0.1623,0.07,2799.2,2995.144,2200.0,2026,2700.0,3200.0,3700.0,4200.0,4700.0,5200.0,5700.0,6200.0,6700.0,7200.0,0.8,0,1,I08a,8,0.9
2024-04-30 03:15:00,0,1.0,0.0,1.0,0.0,1.0,0.0,8316.875,0.7290260514366859,0.0,normal,2024,historical_2024,1,off_peak,0,2.6369,0.1623,0.07,2799.2,2995.144,2200.0,2026,2700.0,3200.0,3700.0,4200.0,4700.0,5200.0,5700.0,6200.0,6700.0,7200.0,0.8,0,1,I08a,8,0.9
2024-04-30 03:30:00,0,1.0,0.0,1.0,0.0,1.0,0.0,8249.55,0.7231245945898563,0.0,normal,2024,historical_2024,1,off_peak,0,2.6369,0.1623,0.07,2799.2,2995.144,2200.0,2026,2700.0,3200.0,3700.0,4200.0,4700.0,5200.0,5700.0,6200.0,6700.0,7200.0,0.8,0,1,I08a,8,0.9
2024-04-30 03:45:00,0,1.0,0.0,1.0,0.0,1.0,0.0,8182.225,0.7172231377430269,0.0,normal,2024,historical_2024,1,off_peak,0,2.6369,0.1623,0.07,2799.2,2995.144,2200.0,2026,2700.0,3200.0,3700.0,4200.0,4700.0,5200.0,5700.0,6200.0,6700.0,7200.0,0.8,0,1,I08a,8,0.9
2024-04-30 04:00:00,0,1.0,0.0,0.0,4.375,0.0,4.8,8114.9,0.7113216808961974,0.0,normal,2024,historical_2024,0,off_peak,0,2.6369,0.1623,0.07,2799.2,2995.144,2200.0,2026,2700.0,3200.0,3700.0,4200.0,4700.0,5200.0,5700.0,6200.0,6700.0,7200.0,0.8,0,1,I08a,8,0.9
2024-04-30 04:15:00,0,1.0,0.0,0.0,4.375,0.0,4.8,8075.0,0.7078241966304938,0.0,normal,2024,historical_2024,1,off_peak,0,2.6369,0.1623,0.07,2799.2,2995.144,2200.0,2026,2700.0,3200.0,3700.0,4200.0,4700.0,5200.0,5700.0,6200.0,6700.0,7200.0,0.8,0,1,I08a,8,0.9
2024-04-30 04:30:00,0,1.0,0.0,0.0,4.375,0.0,4.8,8035.1,0.7043267123647903,0.0,normal,2024,historical_2024,1,off_peak,0,2.6369,0.1623,0.07,2799.2,2995.144,2200.0,2026,2700.0,3200.0,3700.0,4200.0,4700.0,5200.0,5700.0,6200.0,6700.0,7200.0,0.8,0,1,I08a,8,0.9
2024-04-30 04:45:00,0,1.0,0.0,0.0,4.375,0.0,4.8,7995.2,0.7008292280990865,0.0,normal,2024,historical_2024,1,off_peak,0,2.6369,0.1623,0.07,2799.2,2995.144,2200.0,2026,2700.0,3200.0,3700.0,4200.0,4700.0,5200.0,5700.0,6200.0,6700.0,7200.0,0.8,0,1,I08a,8,0.9
2024-04-30 05:00:00,0,0.0,4.0,0.0,4.375,0.0,4.8,7955.3,0.6973317438333829,0.0,normal,2024,historical_2024,0,off_peak,0,2.6369,0.1623,0.07,2799.2,2995.144,2200.0,2026,2700.0,3200.0,3700.0,4200.0,4700.0,5200.0,5700.0,6200.0,6700.0,7200.0,0.8,0,1,I08a,8,0.9
2024-04-30 05:15:00,0,0.0,4.0,0.0,4.375,0.0,4.8,7976.7,0.6992075875247629,0.0,normal,2024,historical_2024,1,off_peak,0,2.6369,0.1623,0.07,2799.2,2995.144,2200.0,2026,2700.0,3200.0,3700.0,4200.0,4700.0,5200.0,5700.0,6200.0,6700.0,7200.0,0.8,0,1,I08a,8,0.9
2024-04-30 05:30:00,0,0.0,4.0,0.0,4.375,0.0,4.8,7998.1,0.7010834312161428,0.0,normal,2024,historical_2024,1,off_peak,0,2.6369,0.1623,0.07,2799.2,2995.144,2200.0,2026,2700.0,3200.0,3700.0,4200.0,4700.0,5200.0,5700.0,6200.0,6700.0,7200.0,0.8,0,1,I08a,8,0.9
2024-04-30 05:45:00,0,0.0,4.0,0.0,4.375,0.0,4.8,8019.5,0.7029592749075226,0.0,normal,2024,historical_2024,1,off_peak,0,2.6369,0.1623,0.07,2799.2,2995.144,2200.0,2026,2700.0,3200.0,3700.0,4200.0,4700.0,5200.0,5700.0,6200.0,6700.0,7200.0,0.8,0,1,I08a,8,0.9
2024-04-30 06:00:00,0,0.0,4.0,1.0,0.0,0.0,4.8,8040.9,0.7048351185989025,0.0,normal,2024,historical_2024,0,off_peak,0,2.6369,0.1623,0.07,2799.2,2995.144,2200.0,2026,2700.0,3200.0,3700.0,4200.0,4700.0,5200.0,5700.0,6200.0,6700.0,7200.0,0.8,0,1,I08a,8,0.9
2024-04-30 06:15:00,0,0.0,4.0,1.0,0.0,0.0,4.8,8093.5,0.7094458372048176,0.0,normal,2024,historical_2024,1,off_peak,0,2.6369,0.1623,0.07,2799.2,2995.144,2200.0,2026,2700.0,3200.0,3700.0,4200.0,4700.0,5200.0,5700.0,6200.0,6700.0,7200.0,0.8,0,1,I08a,8,0.9
2024-04-30 06:30:00,0,0.0,4.0,0.0,4.375,1.0,0.0,8146.099999999999,0.7140565558107326,0.0,normal,2024,historical_2024,1,off_peak,0,2.6369,0.1623,0.07,2799.2,2995.144,2200.0,2026,2700.0,3200.0,3700.0,4200.0,4700.0,5200.0,5700.0,6200.0,6700.0,7200.0,0.8,0,1,I08a,8,0.9
2024-04-30 06:45:00,0,0.0,4.0,0.0,4.375,1.0,0.0,8198.699999999999,0.7186672744166476,0.0,normal,2024,historical_2024,1,off_peak,0,2.6369,0.1623,0.07,2799.2,2995.144,2200.0,2026,2700.0,3200.0,3700.0,4200.0,4700.0,5200.0,5700.0,6200.0,6700.0,7200.0,0.8,0,1,I08a,8,0.9
2024-04-30 07:00:00,0,0.0,4.0,0.0,4.375,0.0,4.8,8251.3,0.7232779930225626,0.0,normal,2024,historical_2024,0,off_peak,0,2.6369,0.1623,0.07,2799.2,2995.144,2200.0,2026,2700.0,3200.0,3700.0,4200.0,4700.0,5200.0,5700.0,6200.0,6700.0,7200.0,0.8,0,1,I08a,8,0.9
2024-04-30 07:15:00,0,0.0,4.0,0.0,4.375,0.0,4.8,8502.0,0.7452534142108308,0.0,normal,2024,historical_2024,1,off_peak,0,2.6369,0.1623,0.07,2799.2,2995.144,2200.0,2026,2700.0,3200.0,3700.0,4200.0,4700.0,5200.0,5700.0,6200.0,6700.0,7200.0,0.8,0,1,I08a,8,0.9
2024-04-30 07:30:00,0,1.0,0.0,0.0,4.375,0.0,4.8,8752.7,0.7672288353990989,0.0,normal,2024,historical_2024,1,off_peak,0,2.6369,0.1623,0.07,2799.2,2995.144,2200.0,2026,2700.0,3200.0,3700.0,4200.0,4700.0,5200.0,5700.0,6200.0,6700.0,7200.0,0.8,0,1,I08a,8,0.9
2024-04-30 07:45:00,0,1.0,0.0,0.0,4.375,0.0,4.8,9003.4,0.7892042565873669,0.0,normal,2024,historical_2024,1,off_peak,0,2.6369,0.1623,0.07,2799.2,2995.144,2200.0,2026,2700.0,3200.0,3700.0,4200.0,4700.0,5200.0,5700.0,6200.0,6700.0,7200.0,0.8,0,1,I08a,8,0.9
2024-04-30 08:00:00,0,0.0,4.0,0.0,4.375,0.0,4.8,9254.1,0.811179677775635,0.0,normal,2024,historical_2024,0,off_peak,0,2.6369,0.1623,0.07,2799.2,2995.144,2200.0,2026,2700.0,3200.0,3700.0,4200.0,4700.0,5200.0,5700.0,6200.0,6700.0,7200.0,0.8,0,1,I08a,8,0.9
2024-04-30 08:15:00,0,0.0,4.0,0.0,4.375,0.0,4.8,9476.1,0.8306393646675199,0.0,normal,2024,historical_2024,1,off_peak,0,2.6369,0.1623,0.07,2799.2,2995.144,2200.0,2026,2700.0,3200.0,3700.0,4200.0,4700.0,5200.0,5700.0,6200.0,6700.0,7200.0,0.8,0,1,I08a,8,0.9
2024-04-30 08:30:00,0,0.0,4.0,1.0,0.0,0.0,4.8,9698.1,0.8500990515594046,0.1927235502951227,elevated,2024,historical_2024,1,off_peak,0,2.6369,0.1623,0.07,2799.2,2995.144,2200.0,2026,2700.0,3200.0,3700.0,4200.0,4700.0,5200.0,5700.0,6200.0,6700.0,7200.0,0.8,0,1,I08a,8,0.9
2024-04-30 08:45:00,0,0.0,4.0,1.0,0.0,0.0,4.8,9920.1,0.8695587384512894,0.4229712532631396,elevated,2024,historical_2024,1,off_peak,0,2.6369,0.1623,0.07,2799.2,2995.144,2200.0,2026,2700.0,3200.0,3700.0,4200.0,4700.0,5200.0,5700.0,6200.0,6700.0,7200.0,0.8,0,1,I08a,8,0.9
2024-04-30 09:00:00,0,0.0,4.0,0.0,4.375,0.0,4.8,10142.1,0.8890184253431742,0.6532189562311566,elevated,2024,historical_2024,0,on_peak,0,4.3297,0.1623,0.07,4492.0,4806.4400000000005,2200.0,2026,2700.0,3200.0,3700.0,4200.0,4700.0,5200.0,5700.0,6200.0,6700.0,7200.0,0.8,0,1,I08a,8,0.9
2024-04-30 09:15:00,0,0.0,4.0,0.0,4.375,0.0,4.8,10202.75,0.8943347767395382,0.7161222138212923,elevated,2024,historical_2024,1,on_peak,0,4.3297,0.1623,0.07,4492.0,4806.4400000000005,2200.0,2026,2700.0,3200.0,3700.0,4200.0,4700.0,5200.0,5700.0,6200.0,6700.0,7200.0,0.8,0,1,I08a,8,0.9
2024-04-30 09:30:00,0,0.0,4.0,0.0,4.375,1.0,0.0,10263.4,0.8996511281359023,0.77902547141143,elevated,2024,historical_2024,1,on_peak,0,4.3297,0.1623,0.07,4492.0,4806.4400000000005,2200.0,2026,2700.0,3200.0,3700.0,4200.0,4700.0,5200.0,5700.0,6200.0,6700.0,7200.0,0.8,0,1,I08a,8,0.9
2024-04-30 09:45:00,0,0.0,4.0,0.0,4.375,1.0,0.0,10324.05,0.9049674795322664,0.8419287290015658,stressed,2024,historical_2024,1,on_peak,0,4.3297,0.1623,0.07,4492.0,4806.4400000000005,2200.0,2026,2700.0,3200.0,3700.0,4200.0,4700.0,5200.0,5700.0,6200.0,6700.0,7200.0,0.8,0,1,I08a,8,0.9
2024-04-30 10:00:00,0,0.0,4.0,0.0,4.375,0.0,4.8,10384.7,0.9102838309286304,0.9048319865917016,stressed,2024,historical_2024,0,on_peak,0,4.3297,0.1623,0.07,4492.0,4806.4400000000005,2200.0,2026,2700.0,3200.0,3700.0,4200.0,4700.0,5200.0,5700.0,6200.0,6700.0,7200.0,0.8,0,1,I08a,8,0.9
2024-04-30 10:15:00,0,0.0,4.0,0.0,4.375,0.0,4.8,10419.35,0.913321119896215,0.9407692969873848,stressed,2024,historical_2024,1,on_peak,0,4.3297,0.1623,0.07,4492.0,4806.4400000000005,2200.0,2026,2700.0,3200.0,3700.0,4200.0,4700.0,5200.0,5700.0,6200.0,6700.0,7200.0,0.8,0,1,I08a,8,0.9
2024-04-30 10:30:00,0,1.0,0.0,0.0,4.375,0.0,4.8,10454.0,0.9163584088637996,0.976706607383068,stressed,2024,historical_2024,1,on_peak,0,4.3297,0.1623,0.07,4492.0,4806.4400000000005,2200.0,2026,2700.0,3200.0,3700.0,4200.0,4700.0,5200.0,5700.0,6200.0,6700.0,7200.0,0.8,0,1,I08a,8,0.9
2024-04-30 10:45:00,0,1.0,0.0,0.0,4.375,0.0,4.8,10488.65,0.9193956978313844,1.0,stressed,2024,historical_2024,1,on_peak,0,4.3297,0.1623,0.07,4492.0,4806.4400000000005,2200.0,2026,2700.0,3200.0,3700.0,4200.0,4700.0,5200.0,5700.0,6200.0,6700.0,7200.0,0.8,0,1,I08a,8,0.9
2024-04-30 11:00:00,0,0.0,4.0,1.0,0.0,0.0,4.8,10523.3,0.922432986798969,1.0,stressed,2024,historical_2024,0,on_peak,0,4.3297,0.1623,0.07,4492.0,4806.4400000000005,2200.0,2026,2700.0,3200.0,3700.0,4200.0,4700.0,5200.0,5700.0,6200.0,6700.0,7200.0,0.8,0,1,I08a,8,0.9
2024-04-30 11:15:00,0,0.0,4.0,1.0,0.0,0.0,4.8,10444.925,0.9155629284199084,0.9672944546603884,stressed,2024,historical_2024,1,on_peak,0,4.3297,0.1623,0.07,4492.0,4806.4400000000005,2200.0,2026,2700.0,3200.0,3700.0,4200.0,4700.0,5200.0,5700.0,6200.0,6700.0,7200.0,0.8,0,1,I08a,8,0.9
2024-04-30 11:30:00,0,0.0,4.0,0.0,4.375,0.0,4.8,10366.55,0.9086928700408476,0.8860076811463419,stressed,2024,historical_2024,1,on_peak,0,4.3297,0.1623,0.07,4492.0,4806.4400000000005,2200.0,2026,2700.0,3200.0,3700.0,4200.0,4700.0,5200.0,5700.0,6200.0,6700.0,7200.0,0.8,0,1,I08a,8,0.9
2024-04-30 11:45:00,0,0.0,4.0,0.0,4.375,0.0,4.8,10288.175,0.901822811661787,0.8047209076322953,stressed,2024,historical_2024,1,on_peak,0,4.3297,0.1623,0.07,4492.0,4806.4400000000005,2200.0,2026,2700.0,3200.0,3700.0,4200.0,4700.0,5200.0,5700.0,6200.0,6700.0,7200.0,0.8,0,1,I08a,8,0.9
2024-04-30 12:00:00,0,0.0,4.0,0.0,4.375,0.0,4.8,10209.8,0.8949527532827264,0.7234341341182489,elevated,2024,historical_2024,0,on_peak,0,4.3297,0.1623,0.07,4492.0,4806.4400000000005,2200.0,2026,2700.0,3200.0,3700.0,4200.0,4700.0,5200.0,5700.0,6200.0,6700.0,7200.0,0.8,0,1,I08a,8,0.9
2024-04-30 12:15:00,0,0.0,4.0,0.0,4.375,0.0,4.8,10299.35,0.9028023702249256,0.8163110791668333,stressed,2024,historical_2024,1,on_peak,0,4.3297,0.1623,0.07,4492.0,4806.4400000000005,2200.0,2026,2700.0,3200.0,3700.0,4200.0,4700.0,5200.0,5700.0,6200.0,6700.0,7200.0,0.8,0,1,I08a,8,0.9
2024-04-30 12:30:00,0,0.0,4.0,0.0,4.375,1.0,0.0,10388.9,0.9106519871671254,0.9091880242154196,stressed,2024,historical_2024,1,on_peak,0,4.3297,0.1623,0.07,4492.0,4806.4400000000005,2200.0,2026,2700.0,3200.0,3700.0,4200.0,4700.0,5200.0,5700.0,6200.0,6700.0,7200.0,0.8,0,1,I08a,8,0.9
2024-04-30 12:45:00,0,0.0,4.0,0.0,4.375,1.0,0.0,10478.45,0.9185016041093248,1.0,stressed,2024,historical_2024,1,on_peak,0,4.3297,0.1623,0.07,4492.0,4806.4400000000005,2200.0,2026,2700.0,3200.0,3700.0,4200.0,4700.0,5200.0,5700.0,6200.0,6700.0,7200.0,0.8,0,1,I08a,8,0.9
2024-04-30 13:00:00,0,0.0,4.0,0.0,4.375,0.0,4.8,10568.0,0.9263512210515242,1.0,stressed,2024,historical_2024,0,on_peak,0,4.3297,0.1623,0.07,4492.0,4806.4400000000005,2200.0,2026,2700.0,3200.0,3700.0,4200.0,4700.0,5200.0,5700.0,6200.0,6700.0,7200.0,0.8,0,1,I08a,8,0.9
2024-04-30 13:15:00,0,0.0,4.0,0.0,4.375,0.0,4.8,10736.1,0.9410862362160552,1.0,stressed,2024,historical_2024,1,on_peak,0,4.3297,0.1623,0.07,4492.0,4806.4400000000005,2200.0,2026,2700.0,3200.0,3700.0,4200.0,4700.0,5200.0,5700.0,6200.0,6700.0,7200.0,0.8,0,1,I08a,8,0.9
2024-04-30 13:30:00,0,1.0,0.0,1.0,0.0,0.0,4.8,10904.2,0.955821251380586,1.0,stressed,2024,historical_2024,1,on_peak,0,4.3297,0.1623,0.07,4492.0,4806.4400000000005,2200.0,2026,2700.0,3200.0,3700.0,4200.0,4700.0,5200.0,5700.0,6200.0,6700.0,7200.0,0.8,0,1,I08a,8,0.9
2024-04-30 13:45:00,0,1.0,0.0,1.0,0.0,0.0,4.8,11072.3,0.9705562665451164,1.0,stressed,2024,historical_2024,1,on_peak,0,4.3297,0.1623,0.07,4492.0,4806.4400000000005,2200.0,2026,2700.0,3200.0,3700.0,4200.0,4700.0,5200.0,5700.0,6200.0,6700.0,7200.0,0.8,0,1,I08a,8,0.9
2024-04-30 14:00:00,0,0.0,4.0,0.0,4.375,0.0,4.8,11240.4,0.9852912817096472,1.0,stressed,2024,historical_2024,0,on_peak,0,4.3297,0.1623,0.07,4492.0,4806.4400000000005,2200.0,2026,2700.0,3200.0,3700.0,4200.0,4700.0,5200.0,5700.0,6200.0,6700.0,7200.0,0.8,0,1,I08a,8,0.9
2024-04-30 14:15:00,0,0.0,4.0,0.0,4.375,0.0,4.8,11247.075,0.9858763871601128,1.0,stressed,2024,historical_2024,1,on_peak,0,4.3297,0.1623,0.07,4492.0,4806.4400000000005,2200.0,2026,2700.0,3200.0,3700.0,4200.0,4700.0,5200.0,5700.0,6200.0,6700.0,7200.0,0.8,0,1,I08a,8,0.9
2024-04-30 14:30:00,0,0.0,4.0,0.0,4.375,0.0,4.8,11253.75,0.9864614926105782,1.0,stressed,2024,historical_2024,1,on_peak,0,4.3297,0.1623,0.07,4492.0,4806.4400000000005,2200.0,2026,2700.0,3200.0,3700.0,4200.0,4700.0,5200.0,5700.0,6200.0,6700.0,7200.0,0.8,0,1,I08a,8,0.9
2024-04-30 14:45:00,0,0.0,4.0,0.0,4.375,0.0,4.8,11260.425,0.9870465980610436,1.0,stressed,2024,historical_2024,1,on_peak,0,4.3297,0.1623,0.07,4492.0,4806.4400000000005,2200.0,2026,2700.0,3200.0,3700.0,4200.0,4700.0,5200.0,5700.0,6200.0,6700.0,7200.0,0.8,0,1,I08a,8,0.9
2024-04-30 15:00:00,0,0.0,4.0,0.0,4.375,0.0,4.8,11267.1,0.9876317035115092,1.0,stressed,2024,historical_2024,0,on_peak,0,4.3297,0.1623,0.07,4492.0,4806.4400000000005,2200.0,2026,2700.0,3200.0,3700.0,4200.0,4700.0,5200.0,5700.0,6200.0,6700.0,7200.0,0.8,0,1,I08a,8,0.9
2024-04-30 15:15:00,0,0.0,4.0,0.0,4.375,0.0,4.8,11253.925,0.9864768324538488,1.0,stressed,2024,historical_2024,1,on_peak,0,4.3297,0.1623,0.07,4492.0,4806.4400000000005,2200.0,2026,2700.0,3200.0,3700.0,4200.0,4700.0,5200.0,5700.0,6200.0,6700.0,7200.0,0.8,0,1,I08a,8,0.9
2024-04-30 15:30:00,0,0.0,4.0,0.0,4.375,1.0,0.0,11240.75,0.9853219613961888,1.0,stressed,2024,historical_2024,1,on_peak,0,4.3297,0.1623,0.07,4492.0,4806.4400000000005,2200.0,2026,2700.0,3200.0,3700.0,4200.0,4700.0,5200.0,5700.0,6200.0,6700.0,7200.0,0.8,0,1,I08a,8,0.9
2024-04-30 15:45:00,0,0.0,4.0,0.0,4.375,1.0,0.0,11227.575,0.9841670903385284,1.0,stressed,2024,historical_2024,1,on_peak,0,4.3297,0.1623,0.07,4492.0,4806.4400000000005,2200.0,2026,2700.0,3200.0,3700.0,4200.0,4700.0,5200.0,5700.0,6200.0,6700.0,7200.0,0.8,0,1,I08a,8,0.9
2024-04-30 16:00:00,0,0.0,4.0,1.0,0.0,0.0,4.8,11214.4,0.983012219280868,1.0,stressed,2024,historical_2024,0,on_peak,0,4.3297,0.1623,0.07,4492.0,4806.4400000000005,2200.0,2026,2700.0,3200.0,3700.0,4200.0,4700.0,5200.0,5700.0,6200.0,6700.0,7200.0,0.8,0,1,I08a,8,0.9
2024-04-30 16:15:00,0,0.0,4.0,1.0,0.0,0.0,4.8,11009.9,0.9650865167160464,1.0,stressed,2024,historical_2024,1,on_peak,0,4.3297,0.1623,0.07,4492.0,4806.4400000000005,2200.0,2026,2700.0,3200.0,3700.0,4200.0,4700.0,5200.0,5700.0,6200.0,6700.0,7200.0,0.8,0,1,I08a,8,0.9
2024-04-30 16:30:00,0,1.0,0.0,0.0,4.375,0.0,4.8,10805.4,0.9471608141512244,1.0,stressed,2024,historical_2024,1,on_peak,0,4.3297,0.1623,0.07,4492.0,4806.4400000000005,2200.0,2026,2700.0,3200.0,3700.0,4200.0,4700.0,5200.0,5700.0,6200.0,6700.0,7200.0,0.8,0,1,I08a,8,0.9
2024-04-30 16:45:00,0,1.0,0.0,0.0,4.375,0.0,4.8,10600.9,0.9292351115864028,1.0,stressed,2024,historical_2024,1,on_peak,0,4.3297,0.1623,0.07,4492.0,4806.4400000000005,2200.0,2026,2700.0,3200.0,3700.0,4200.0,4700.0,5200.0,5700.0,6200.0,6700.0,7200.0,0.8,0,1,I08a,8,0.9
2024-04-30 17:00:00,0,0.0,4.0,0.0,4.375,0.0,4.8,10396.4,0.9113094090215808,0.916966662829204,stressed,2024,historical_2024,0,on_peak,0,4.3297,0.1623,0.07,4492.0,4806.4400000000005,2200.0,2026,2700.0,3200.0,3700.0,4200.0,4700.0,5200.0,5700.0,6200.0,6700.0,7200.0,0.8,0,1,I08a,8,0.9
2024-04-30 17:15:00,0,0.0,4.0,0.0,4.375,0.0,4.8,10253.95,0.8988227765992882,0.7692243867580609,elevated,2024,historical_2024,1,on_peak,0,4.3297,0.1623,0.07,4492.0,4806.4400000000005,2200.0,2026,2700.0,3200.0,3700.0,4200.0,4700.0,5200.0,5700.0,6200.0,6700.0,7200.0,0.8,0,1,I08a,8,0.9
2024-04-30 17:30:00,0,0.0,4.0,0.0,4.375,0.0,4.8,10111.5,0.8863361441769955,0.621482110686916,elevated,2024,historical_2024,1,on_peak,0,4.3297,0.1623,0.07,4492.0,4806.4400000000005,2200.0,2026,2700.0,3200.0,3700.0,4200.0,4700.0,5200.0,5700.0,6200.0,6700.0,7200.0,0.8,0,1,I08a,8,0.9
2024-04-30 17:45:00,0,0.0,4.0,0.0,4.375,0.0,4.8,9969.05,0.8738495117547026,0.473739834615771,elevated,2024,historical_2024,1,on_peak,0,4.3297,0.1623,0.07,4492.0,4806.4400000000005,2200.0,2026,2700.0,3200.0,3700.0,4200.0,4700.0,5200.0,5700.0,6200.0,6700.0,7200.0,0.8,0,1,I08a,8,0.9
2024-04-30 18:00:00,0,0.0,4.0,0.0,4.375,0.0,4.8,9826.6,0.86136287933241,0.325997558544628,elevated,2024,historical_2024,0,on_peak,0,4.3297,0.1623,0.07,4492.0,4806.4400000000005,2200.0,2026,2700.0,3200.0,3700.0,4200.0,4700.0,5200.0,5700.0,6200.0,6700.0,7200.0,0.8,0,1,I08a,8,0.9
2024-04-30 18:15:00,0,0.0,4.0,0.0,4.375,0.0,4.8,9910.8,0.8687435353517644,0.4133257413820459,elevated,2024,historical_2024,1,on_peak,0,4.3297,0.1623,0.07,4492.0,4806.4400000000005,2200.0,2026,2700.0,3200.0,3700.0,4200.0,4700.0,5200.0,5700.0,6200.0,6700.0,7200.0,0.8,0,1,I08a,8,0.9
2024-04-30 18:30:00,0,0.0,4.0,1.0,0.0,1.0,0.0,9995.0,0.876124191371119,0.5006539242194656,elevated,2024,historical_2024,1,on_peak,0,4.3297,0.1623,0.07,4492.0,4806.4400000000005,2200.0,2026,2700.0,3200.0,3700.0,4200.0,4700.0,5200.0,5700.0,6200.0,6700.0,7200.0,0.8,0,1,I08a,8,0.9
2024-04-30 18:45:00,0,0.0,4.0,1.0,0.0,1.0,0.0,10079.2,0.8835048473904735,0.5879821070568855,elevated,2024,historical_2024,1,on_peak,0,4.3297,0.1623,0.07,4492.0,4806.4400000000005,2200.0,2026,2700.0,3200.0,3700.0,4200.0,4700.0,5200.0,5700.0,6200.0,6700.0,7200.0,0.8,0,1,I08a,8,0.9
2024-04-30 19:00:00,0,0.0,4.0,0.0,4.375,0.0,4.8,10163.4,0.890885503409828,0.6753102898943033,elevated,2024,historical_2024,0,on_peak,0,4.3297,0.1623,0.07,4492.0,4806.4400000000005,2200.0,2026,2700.0,3200.0,3700.0,4200.0,4700.0,5200.0,5700.0,6200.0,6700.0,7200.0,0.8,0,1,I08a,8,0.9
2024-04-30 19:15:00,0,0.0,4.0,0.0,4.375,0.0,4.8,10221.5,0.8959783313756771,0.7355688103557532,elevated,2024,historical_2024,1,on_peak,0,4.3297,0.1623,0.07,4492.0,4806.4400000000005,2200.0,2026,2700.0,3200.0,3700.0,4200.0,4700.0,5200.0,5700.0,6200.0,6700.0,7200.0,0.8,0,1,I08a,8,0.9
2024-04-30 19:30:00,0,1.0,0.0,0.0,4.375,0.0,4.8,10279.6,0.901071159341526,0.7958273308172011,elevated,2024,historical_2024,1,on_peak,0,4.3297,0.1623,0.07,4492.0,4806.4400000000005,2200.0,2026,2700.0,3200.0,3700.0,4200.0,4700.0,5200.0,5700.0,6200.0,6700.0,7200.0,0.8,0,1,I08a,8,0.9
2024-04-30 19:45:00,0,1.0,0.0,0.0,4.375,0.0,4.8,10337.7,0.9061639873073752,0.856085851278651,stressed,2024,historical_2024,1,on_peak,0,4.3297,0.1623,0.07,4492.0,4806.4400000000005,2200.0,2026,2700.0,3200.0,3700.0,4200.0,4700.0,5200.0,5700.0,6200.0,6700.0,7200.0,0.8,0,1,I08a,8,0.9
2024-04-30 20:00:00,0,0.0,4.0,0.0,4.375,0.0,4.8,10395.8,0.9112568152732244,0.9163443717401007,stressed,2024,historical_2024,0,on_peak,0,4.3297,0.1623,0.07,4492.0,4806.4400000000005,2200.0,2026,2700.0,3200.0,3700.0,4200.0,4700.0,5200.0,5700.0,6200.0,6700.0,7200.0,0.8,0,1,I08a,8,0.9
2024-04-30 20:15:00,0,0.0,4.0,0.0,4.375,0.0,4.8,10438.9,0.9150347995301624,0.961045614973982,stressed,2024,historical_2024,1,on_peak,0,4.3297,0.1623,0.07,4492.0,4806.4400000000005,2200.0,2026,2700.0,3200.0,3700.0,4200.0,4700.0,5200.0,5700.0,6200.0,6700.0,7200.0,0.8,0,1,I08a,8,0.9
2024-04-30 20:30:00,0,0.0,4.0,0.0,4.375,0.0,4.8,10482.0,0.9188127837871004,1.0,stressed,2024,historical_2024,1,on_peak,0,4.3297,0.1623,0.07,4492.0,4806.4400000000005,2200.0,2026,2700.0,3200.0,3700.0,4200.0,4700.0,5200.0,5700.0,6200.0,6700.0,7200.0,0.8,0,1,I08a,8,0.9
2024-04-30 20:45:00,0,0.0,4.0,0.0,4.375,0.0,4.8,10525.1,0.9225907680440384,1.0,stressed,2024,historical_2024,1,on_peak,0,4.3297,0.1623,0.07,4492.0,4806.4400000000005,2200.0,2026,2700.0,3200.0,3700.0,4200.0,4700.0,5200.0,5700.0,6200.0,6700.0,7200.0,0.8,0,1,I08a,8,0.9
2024-04-30 21:00:00,0,0.0,4.0,1.0,0.0,0.0,4.8,10568.2,0.9263687523009764,1.0,stressed,2024,historical_2024,0,on_peak,0,4.3297,0.1623,0.07,4492.0,4806.4400000000005,2200.0,2026,2700.0,3200.0,3700.0,4200.0,4700.0,5200.0,5700.0,6200.0,6700.0,7200.0,0.8,0,1,I08a,8,0.9
2024-04-30 21:15:00,0,0.0,4.0,1.0,0.0,0.0,4.8,10542.8,0.9241422836205536,1.0,stressed,2024,historical_2024,1,on_peak,0,4.3297,0.1623,0.07,4492.0,4806.4400000000005,2200.0,2026,2700.0,3200.0,3700.0,4200.0,4700.0,5200.0,5700.0,6200.0,6700.0,7200.0,0.8,0,1,I08a,8,0.9
2024-04-30 21:30:00,0,0.0,4.0,0.0,4.375,1.0,0.0,10517.4,0.9219158149401308,1.0,stressed,2024,historical_2024,1,on_peak,0,4.3297,0.1623,0.07,4492.0,4806.4400000000005,2200.0,2026,2700.0,3200.0,3700.0,4200.0,4700.0,5200.0,5700.0,6200.0,6700.0,7200.0,0.8,0,1,I08a,8,0.9
2024-04-30 21:45:00,0,0.0,4.0,0.0,4.375,1.0,0.0,10492.0,0.919689346259708,1.0,stressed,2024,historical_2024,1,on_peak,0,4.3297,0.1623,0.07,4492.0,4806.4400000000005,2200.0,2026,2700.0,3200.0,3700.0,4200.0,4700.0,5200.0,5700.0,6200.0,6700.0,7200.0,0.8,0,1,I08a,8,0.9
2024-04-30 22:00:00,0,0.0,4.0,0.0,4.375,1.0,0.0,10466.6,0.917462877579285,0.9897747202542264,stressed,2024,historical_2024,0,off_peak,0,2.6369,0.1623,0.07,2799.2,2995.144,2200.0,2026,2700.0,3200.0,3700.0,4200.0,4700.0,5200.0,5700.0,6200.0,6700.0,7200.0,0.8,0,1,I08a,8,0.9
2024-04-30 22:15:00,0,0.0,4.0,0.0,4.375,1.0,0.0,10427.05,0.9139960730001226,0.9487553659642024,stressed,2024,historical_2024,1,off_peak,0,2.6369,0.1623,0.07,2799.2,2995.144,2200.0,2026,2700.0,3200.0,3700.0,4200.0,4700.0,5200.0,5700.0,6200.0,6700.0,7200.0,0.8,0,1,I08a,8,0.9
2024-04-30 22:30:00,0,1.0,0.0,0.0,4.375,1.0,0.0,10387.5,0.9105292684209604,0.9077360116741804,stressed,2024,historical_2024,1,off_peak,0,2.6369,0.1623,0.07,2799.2,2995.144,2200.0,2026,2700.0,3200.0,3700.0,4200.0,4700.0,5200.0,5700.0,6200.0,6700.0,7200.0,0.8,0,1,I08a,8,0.9
2024-04-30 22:45:00,0,1.0,0.0,0.0,4.375,1.0,0.0,10347.95,0.907062463841798,0.8667166573841582,stressed,2024,historical_2024,1,off_peak,0,2.6369,0.1623,0.07,2799.2,2995.144,2200.0,2026,2700.0,3200.0,3700.0,4200.0,4700.0,5200.0,5700.0,6200.0,6700.0,7200.0,0.8,0,1,I08a,8,0.9
2024-04-30 23:00:00,0,1.0,0.0,0.0,4.375,1.0,0.0,10308.4,0.9035956592626356,0.8256973030941342,stressed,2024,historical_2024,0,off_peak,0,2.6369,0.1623,0.07,2799.2,2995.144,2200.0,2026,2700.0,3200.0,3700.0,4200.0,4700.0,5200.0,5700.0,6200.0,6700.0,7200.0,0.8,0,1,I08a,8,0.9
2024-04-30 23:15:00,0,1.0,0.0,0.0,4.375,1.0,0.0,10175.475,0.8919439525955014,0.687833898062497,elevated,2024,historical_2024,1,off_peak,0,2.6369,0.1623,0.07,2799.2,2995.144,2200.0,2026,2700.0,3200.0,3700.0,4200.0,4700.0,5200.0,5700.0,6200.0,6700.0,7200.0,0.8,0,1,I08a,8,0.9
2024-04-30 23:30:00,0,1.0,0.0,1.0,0.0,1.0,0.0,10042.55,0.8802922459283672,0.5499704930308578,elevated,2024,historical_2024,1,off_peak,0,2.6369,0.1623,0.07,2799.2,2995.144,2200.0,2026,2700.0,3200.0,3700.0,4200.0,4700.0,5200.0,5700.0,6200.0,6700.0,7200.0,0.8,0,1,I08a,8,0.9
2024-04-30 23:45:00,0,1.0,0.0,1.0,0.0,1.0,0.0,9909.625,0.8686405392612331,0.4121070879992204,elevated,2024,historical_2024,1,off_peak,0,2.6369,0.1623,0.07,2799.2,2995.144,2200.0,2026,2700.0,3200.0,3700.0,4200.0,4700.0,5200.0,5700.0,6200.0,6700.0,7200.0,0.8,0,1,I08a,8,0.9
2024-05-01 00:00:00,0,1.0,0.0,1.0,0.0,1.0,0.0,9776.7,0.856988832594099,0.2742436829675831,elevated,2024,historical_2024,0,off_peak,1,2.6369,0.1623,0.07,2799.2,2995.144,2200.0,2026,2700.0,3200.0,3700.0,4200.0,4700.0,5200.0,5700.0,6200.0,6700.0,7200.0,0.8,0,1,I08a,8,0.9
2024-05-01 00:15:00,0,1.0,0.0,1.0,0.0,1.0,0.0,9673.975,0.8479843445942392,0.1677022627541164,elevated,2024,historical_2024,1,off_peak,1,2.6369,0.1623,0.07,2799.2,2995.144,2200.0,2026,2700.0,3200.0,3700.0,4200.0,4700.0,5200.0,5700.0,6200.0,6700.0,7200.0,0.8,0,1,I08a,8,0.9
2024-05-01 00:30:00,0,1.0,0.0,1.0,0.0,1.0,0.0,9571.25,0.8389798565943795,0.0611608425406496,elevated,2024,historical_2024,1,off_peak,1,2.6369,0.1623,0.07,2799.2,2995.144,2200.0,2026,2700.0,3200.0,3700.0,4200.0,4700.0,5200.0,5700.0,6200.0,6700.0,7200.0,0.8,0,1,I08a,8,0.9
2024-05-01 00:45:00,0,1.0,0.0,1.0,0.0,1.0,0.0,9468.525,0.8299753685945196,0.0,normal,2024,historical_2024,1,off_peak,1,2.6369,0.1623,0.07,2799.2,2995.144,2200.0,2026,2700.0,3200.0,3700.0,4200.0,4700.0,5200.0,5700.0,6200.0,6700.0,7200.0,0.8,0,1,I08a,8,0.9
2024-05-01 01:00:00,0,1.0,0.0,1.0,0.0,1.0,0.0,9365.8,0.8209708805946598,0.0,normal,2024,historical_2024,0,off_peak,1,2.6369,0.1623,0.07,2799.2,2995.144,2200.0,2026,2700.0,3200.0,3700.0,4200.0,4700.0,5200.0,5700.0,6200.0,6700.0,7200.0,0.8,0,1,I08a,8,0.9
2024-05-01 01:15:00,0,1.0,0.0,1.0,0.0,1.0,0.0,9265.15,0.8121482793078661,0.0,normal,2024,historical_2024,1,off_peak,1,2.6369,0.1623,0.07,2799.2,2995.144,2200.0,2026,2700.0,3200.0,3700.0,4200.0,4700.0,5200.0,5700.0,6200.0,6700.0,7200.0,0.8,0,1,I08a,8,0.9
2024-05-01 01:30:00,0,1.0,0.0,1.0,0.0,1.0,0.0,9164.5,0.8033256780210725,0.0,normal,2024,historical_2024,1,off_peak,1,2.6369,0.1623,0.07,2799.2,2995.144,2200.0,2026,2700.0,3200.0,3700.0,4200.0,4700.0,5200.0,5700.0,6200.0,6700.0,7200.0,0.8,0,1,I08a,8,0.9
2024-05-01 01:45:00,0,1.0,0.0,1.0,0.0,1.0,0.0,9063.85,0.7945030767342788,0.0,normal,2024,historical_2024,1,off_peak,1,2.6369,0.1623,0.07,2799.2,2995.144,2200.0,2026,2700.0,3200.0,3700.0,4200.0,4700.0,5200.0,5700.0,6200.0,6700.0,7200.0,0.8,0,1,I08a,8,0.9
2024-05-01 02:00:00,0,1.0,0.0,1.0,0.0,1.0,0.0,8963.2,0.7856804754474852,0.0,normal,2024,historical_2024,0,off_peak,1,2.6369,0.1623,0.07,2799.2,2995.144,2200.0,2026,2700.0,3200.0,3700.0,4200.0,4700.0,5200.0,5700.0,6200.0,6700.0,7200.0,0.8,0,1,I08a,8,0.9
2024-05-01 02:15:00,0,1.0,0.0,1.0,0.0,1.0,0.0,8863.35,0.7769279991585,0.0,normal,2024,historical_2024,1,off_peak,1,2.6369,0.1623,0.07,2799.2,2995.144,2200.0,2026,2700.0,3200.0,3700.0,4200.0,4700.0,5200.0,5700.0,6200.0,6700.0,7200.0,0.8,0,1,I08a,8,0.9
2024-05-01 02:30:00,0,1.0,0.0,1.0,0.0,1.0,0.0,8763.5,0.7681755228695148,0.0,normal,2024,historical_2024,1,off_peak,1,2.6369,0.1623,0.07,2799.2,2995.144,2200.0,2026,2700.0,3200.0,3700.0,4200.0,4700.0,5200.0,5700.0,6200.0,6700.0,7200.0,0.8,0,1,I08a,8,0.9
2024-05-01 02:45:00,0,1.0,0.0,1.0,0.0,1.0,0.0,8663.65,0.7594230465805297,0.0,normal,2024,historical_2024,1,off_peak,1,2.6369,0.1623,0.07,2799.2,2995.144,2200.0,2026,2700.0,3200.0,3700.0,4200.0,4700.0,5200.0,5700.0,6200.0,6700.0,7200.0,0.8,0,1,I08a,8,0.9
2024-05-01 03:00:00,0,1.0,0.0,1.0,0.0,1.0,0.0,8563.8,0.7506705702915446,0.0,normal,2024,historical_2024,0,off_peak,1,2.6369,0.1623,0.07,2799.2,2995.144,2200.0,2026,2700.0,3200.0,3700.0,4200.0,4700.0,5200.0,5700.0,6200.0,6700.0,7200.0,0.8,0,1,I08a,8,0.9
2024-05-01 03:15:00,0,1.0,0.0,1.0,0.0,1.0,0.0,8474.949999999999,0.7428823127224276,0.0,normal,2024,historical_2024,1,off_peak,1,2.6369,0.1623,0.07,2799.2,2995.144,2200.0,2026,2700.0,3200.0,3700.0,4200.0,4700.0,5200.0,5700.0,6200.0,6700.0,7200.0,0.8,0,1,I08a,8,0.9
2024-05-01 03:30:00,0,1.0,0.0,1.0,0.0,1.0,0.0,8386.099999999999,0.7350940551533106,0.0,normal,2024,historical_2024,1,off_peak,1,2.6369,0.1623,0.07,2799.2,2995.144,2200.0,2026,2700.0,3200.0,3700.0,4200.0,4700.0,5200.0,5700.0,6200.0,6700.0,7200.0,0.8,0,1,I08a,8,0.9
2024-05-01 03:45:00,0,1.0,0.0,1.0,0.0,1.0,0.0,8297.25,0.7273057975841938,0.0,normal,2024,historical_2024,1,off_peak,1,2.6369,0.1623,0.07,2799.2,2995.144,2200.0,2026,2700.0,3200.0,3700.0,4200.0,4700.0,5200.0,5700.0,6200.0,6700.0,7200.0,0.8,0,1,I08a,8,0.9
2024-05-01 04:00:00,0,1.0,0.0,0.0,4.375,0.0,4.8,8208.4,0.7195175400150768,0.0,normal,2024,historical_2024,0,off_peak,1,2.6369,0.1623,0.07,2799.2,2995.144,2200.0,2026,2700.0,3200.0,3700.0,4200.0,4700.0,5200.0,5700.0,6200.0,6700.0,7200.0,0.8,0,1,I08a,8,0.9
2024-05-01 04:15:00,0,1.0,0.0,0.0,4.375,0.0,4.8,8124.849999999999,0.7121938605564417,0.0,normal,2024,historical_2024,1,off_peak,1,2.6369,0.1623,0.07,2799.2,2995.144,2200.0,2026,2700.0,3200.0,3700.0,4200.0,4700.0,5200.0,5700.0,6200.0,6700.0,7200.0,0.8,0,1,I08a,8,0.9
2024-05-01 04:30:00,0,1.0,0.0,0.0,4.375,0.0,4.8,8041.299999999999,0.7048701810978067,0.0,normal,2024,historical_2024,1,off_peak,1,2.6369,0.1623,0.07,2799.2,2995.144,2200.0,2026,2700.0,3200.0,3700.0,4200.0,4700.0,5200.0,5700.0,6200.0,6700.0,7200.0,0.8,0,1,I08a,8,0.9
2024-05-01 04:45:00,0,1.0,0.0,0.0,4.375,0.0,4.8,7957.75,0.6975465016391718,0.0,normal,2024,historical_2024,1,off_peak,1,2.6369,0.1623,0.07,2799.2,2995.144,2200.0,2026,2700.0,3200.0,3700.0,4200.0,4700.0,5200.0,5700.0,6200.0,6700.0,7200.0,0.8,0,1,I08a,8,0.9
2024-05-01 05:00:00,0,0.0,4.0,0.0,4.375,0.0,4.8,7874.2,0.6902228221805368,0.0,normal,2024,historical_2024,0,off_peak,1,2.6369,0.1623,0.07,2799.2,2995.144,2200.0,2026,2700.0,3200.0,3700.0,4200.0,4700.0,5200.0,5700.0,6200.0,6700.0,7200.0,0.8,0,1,I08a,8,0.9
2024-05-01 05:15:00,0,0.0,4.0,0.0,4.375,0.0,4.8,7799.8,0.6837011973843375,0.0,normal,2024,historical_2024,1,off_peak,1,2.6369,0.1623,0.07,2799.2,2995.144,2200.0,2026,2700.0,3200.0,3700.0,4200.0,4700.0,5200.0,5700.0,6200.0,6700.0,7200.0,0.8,0,1,I08a,8,0.9
2024-05-01 05:30:00,0,0.0,4.0,0.0,4.375,0.0,4.8,7725.4,0.6771795725881383,0.0,normal,2024,historical_2024,1,off_peak,1,2.6369,0.1623,0.07,2799.2,2995.144,2200.0,2026,2700.0,3200.0,3700.0,4200.0,4700.0,5200.0,5700.0,6200.0,6700.0,7200.0,0.8,0,1,I08a,8,0.9
2024-05-01 05:45:00,0,0.0,4.0,0.0,4.375,0.0,4.8,7651.0,0.6706579477919391,0.0,normal,2024,historical_2024,1,off_peak,1,2.6369,0.1623,0.07,2799.2,2995.144,2200.0,2026,2700.0,3200.0,3700.0,4200.0,4700.0,5200.0,5700.0,6200.0,6700.0,7200.0,0.8,0,1,I08a,8,0.9
2024-05-01 06:00:00,0,0.0,4.0,1.0,0.0,0.0,4.8,7576.6,0.6641363229957399,0.0,normal,2024,historical_2024,0,off_peak,1,2.6369,0.1623,0.07,2799.2,2995.144,2200.0,2026,2700.0,3200.0,3700.0,4200.0,4700.0,5200.0,5700.0,6200.0,6700.0,7200.0,0.8,0,1,I08a,8,0.9
2024-05-01 06:15:00,0,0.0,4.0,1.0,0.0,0.0,4.8,7487.975,0.6563677880822566,0.0,normal,2024,historical_2024,1,off_peak,1,2.6369,0.1623,0.07,2799.2,2995.144,2200.0,2026,2700.0,3200.0,3700.0,4200.0,4700.0,5200.0,5700.0,6200.0,6700.0,7200.0,0.8,0,1,I08a,8,0.9
2024-05-01 06:30:00,0,0.0,4.0,0.0,4.375,1.0,0.0,7399.35,0.6485992531687733,0.0,normal,2024,historical_2024,1,off_peak,1,2.6369,0.1623,0.07,2799.2,2995.144,2200.0,2026,2700.0,3200.0,3700.0,4200.0,4700.0,5200.0,5700.0,6200.0,6700.0,7200.0,0.8,0,1,I08a,8,0.9
2024-05-01 06:45:00,0,0.0,4.0,0.0,4.375,1.0,0.0,7310.725,0.64083071825529,0.0,normal,2024,historical_2024,1,off_peak,1,2.6369,0.1623,0.07,2799.2,2995.144,2200.0,2026,2700.0,3200.0,3700.0,4200.0,4700.0,5200.0,5700.0,6200.0,6700.0,7200.0,0.8,0,1,I08a,8,0.9
2024-05-01 07:00:00,0,0.0,4.0,0.0,4.375,0.0,4.8,7222.1,0.6330621833418068,0.0,normal,2024,historical_2024,0,off_peak,1,2.6369,0.1623,0.07,2799.2,2995.144,2200.0,2026,2700.0,3200.0,3700.0,4200.0,4700.0,5200.0,5700.0,6200.0,6700.0,7200.0,0.8,0,1,I08a,8,0.9
2024-05-01 07:15:00,0,0.0,4.0,0.0,4.375,0.0,4.8,7225.075000000001,0.6333229606774075,0.0,normal,2024,historical_2024,1,off_peak,1,2.6369,0.1623,0.07,2799.2,2995.144,2200.0,2026,2700.0,3200.0,3700.0,4200.0,4700.0,5200.0,5700.0,6200.0,6700.0,7200.0,0.8,0,1,I08a,8,0.9
2024-05-01 07:30:00,0,1.0,0.0,0.0,4.375,0.0,4.8,7228.05,0.6335837380130082,0.0,normal,2024,historical_2024,1,off_peak,1,2.6369,0.1623,0.07,2799.2,2995.144,2200.0,2026,2700.0,3200.0,3700.0,4200.0,4700.0,5200.0,5700.0,6200.0,6700.0,7200.0,0.8,0,1,I08a,8,0.9
2024-05-01 07:45:00,0,1.0,0.0,0.0,4.375,0.0,4.8,7231.025,0.6338445153486089,0.0,normal,2024,historical_2024,1,off_peak,1,2.6369,0.1623,0.07,2799.2,2995.144,2200.0,2026,2700.0,3200.0,3700.0,4200.0,4700.0,5200.0,5700.0,6200.0,6700.0,7200.0,0.8,0,1,I08a,8,0.9
2024-05-01 08:00:00,0,0.0,4.0,0.0,4.375,0.0,4.8,7234.0,0.6341052926842096,0.0,normal,2024,historical_2024,0,off_peak,1,2.6369,0.1623,0.07,2799.2,2995.144,2200.0,2026,2700.0,3200.0,3700.0,4200.0,4700.0,5200.0,5700.0,6200.0,6700.0,7200.0,0.8,0,1,I08a,8,0.9
2024-05-01 08:15:00,0,0.0,4.0,0.0,4.375,0.0,4.8,7324.15,0.6420075033747654,0.0,normal,2024,historical_2024,1,off_peak,1,2.6369,0.1623,0.07,2799.2,2995.144,2200.0,2026,2700.0,3200.0,3700.0,4200.0,4700.0,5200.0,5700.0,6200.0,6700.0,7200.0,0.8,0,1,I08a,8,0.9
2024-05-01 08:30:00,0,0.0,4.0,1.0,0.0,0.0,4.8,7414.3,0.6499097140653214,0.0,normal,2024,historical_2024,1,off_peak,1,2.6369,0.1623,0.07,2799.2,2995.144,2200.0,2026,2700.0,3200.0,3700.0,4200.0,4700.0,5200.0,5700.0,6200.0,6700.0,7200.0,0.8,0,1,I08a,8,0.9
2024-05-01 08:45:00,0,0.0,4.0,1.0,0.0,0.0,4.8,7504.450000000001,0.6578119247558774,0.0,normal,2024,historical_2024,1,off_peak,1,2.6369,0.1623,0.07,2799.2,2995.144,2200.0,2026,2700.0,3200.0,3700.0,4200.0,4700.0,5200.0,5700.0,6200.0,6700.0,7200.0,0.8,0,1,I08a,8,0.9
2024-05-01 09:00:00,0,0.0,4.0,0.0,4.375,0.0,4.8,7594.6,0.6657141354464332,0.0,normal,2024,historical_2024,0,off_peak,1,2.6369,0.1623,0.07,2799.2,2995.144,2200.0,2026,2700.0,3200.0,3700.0,4200.0,4700.0,5200.0,5700.0,6200.0,6700.0,7200.0,0.8,0,1,I08a,8,0.9
2024-05-01 09:15:00,0,0.0,4.0,0.0,4.375,0.0,4.8,7668.6,0.6722006977437281,0.0,normal,2024,historical_2024,1,off_peak,1,2.6369,0.1623,0.07,2799.2,2995.144,2200.0,2026,2700.0,3200.0,3700.0,4200.0,4700.0,5200.0,5700.0,6200.0,6700.0,7200.0,0.8,0,1,I08a,8,0.9
2024-05-01 09:30:00,0,0.0,4.0,0.0,4.375,1.0,0.0,7742.6,0.6786872600410231,0.0,normal,2024,historical_2024,1,off_peak,1,2.6369,0.1623,0.07,2799.2,2995.144,2200.0,2026,2700.0,3200.0,3700.0,4200.0,4700.0,5200.0,5700.0,6200.0,6700.0,7200.0,0.8,0,1,I08a,8,0.9
2024-05-01 09:45:00,0,0.0,4.0,0.0,4.375,1.0,0.0,7816.6,0.685173822338318,0.0,normal,2024,historical_2024,1,off_peak,1,2.6369,0.1623,0.07,2799.2,2995.144,2200.0,2026,2700.0,3200.0,3700.0,4200.0,4700.0,5200.0,5700.0,6200.0,6700.0,7200.0,0.8,0,1,I08a,8,0.9
2024-05-01 10:00:00,0,0.0,4.0,0.0,4.375,0.0,4.8,7890.6,0.691660384635613,0.0,normal,2024,historical_2024,0,off_peak,1,2.6369,0.1623,0.07,2799.2,2995.144,2200.0,2026,2700.0,3200.0,3700.0,4200.0,4700.0,5200.0,5700.0,6200.0,6700.0,7200.0,0.8,0,1,I08a,8,0.9
2024-05-01 10:15:00,0,0.0,4.0,0.0,4.375,0.0,4.8,7916.625,0.6939416384705738,0.0,normal,2024,historical_2024,1,off_peak,1,2.6369,0.1623,0.07,2799.2,2995.144,2200.0,2026,2700.0,3200.0,3700.0,4200.0,4700.0,5200.0,5700.0,6200.0,6700.0,7200.0,0.8,0,1,I08a,8,0.9
2024-05-01 10:30:00,0,1.0,0.0,0.0,4.375,0.0,4.8,7942.65,0.6962228923055346,0.0,normal,2024,historical_2024,1,off_peak,1,2.6369,0.1623,0.07,2799.2,2995.144,2200.0,2026,2700.0,3200.0,3700.0,4200.0,4700.0,5200.0,5700.0,6200.0,6700.0,7200.0,0.8,0,1,I08a,8,0.9
2024-05-01 10:45:00,0,1.0,0.0,0.0,4.375,0.0,4.8,7968.675,0.6985041461404954,0.0,normal,2024,historical_2024,1,off_peak,1,2.6369,0.1623,0.07,2799.2,2995.144,2200.0,2026,2700.0,3200.0,3700.0,4200.0,4700.0,5200.0,5700.0,6200.0,6700.0,7200.0,0.8,0,1,I08a,8,0.9
2024-05-01 11:00:00,0,0.0,4.0,1.0,0.0,0.0,4.8,7994.7,0.7007853999754562,0.0,normal,2024,historical_2024,0,off_peak,1,2.6369,0.1623,0.07,2799.2,2995.144,2200.0,2026,2700.0,3200.0,3700.0,4200.0,4700.0,5200.0,5700.0,6200.0,6700.0,7200.0,0.8,0,1,I08a,8,0.9
2024-05-01 11:15:00,0,0.0,4.0,1.0,0.0,0.0,4.8,8012.4,0.7023369155519713,0.0,normal,2024,historical_2024,1,off_peak,1,2.6369,0.1623,0.07,2799.2,2995.144,2200.0,2026,2700.0,3200.0,3700.0,4200.0,4700.0,5200.0,5700.0,6200.0,6700.0,7200.0,0.8,0,1,I08a,8,0.9
2024-05-01 11:30:00,0,0.0,4.0,0.0,4.375,0.0,4.8,8030.1,0.7038884311284865,0.0,normal,2024,historical_2024,1,off_peak,1,2.6369,0.1623,0.07,2799.2,2995.144,2200.0,2026,2700.0,3200.0,3700.0,4200.0,4700.0,5200.0,5700.0,6200.0,6700.0,7200.0,0.8,0,1,I08a,8,0.9
2024-05-01 11:45:00,0,0.0,4.0,0.0,4.375,0.0,4.8,8047.8,0.7054399467050017,0.0,normal,2024,historical_2024,1,off_peak,1,2.6369,0.1623,0.07,2799.2,2995.144,2200.0,2026,2700.0,3200.0,3700.0,4200.0,4700.0,5200.0,5700.0,6200.0,6700.0,7200.0,0.8,0,1,I08a,8,0.9
2024-05-01 12:00:00,0,0.0,4.0,0.0,4.375,0.0,4.8,8065.5,0.7069914622815168,0.0,normal,2024,historical_2024,0,off_peak,1,2.6369,0.1623,0.07,2799.2,2995.144,2200.0,2026,2700.0,3200.0,3700.0,4200.0,4700.0,5200.0,5700.0,6200.0,6700.0,7200.0,0.8,0,1,I08a,8,0.9
2024-05-01 12:15:00,0,0.0,4.0,0.0,4.375,0.0,4.8,8115.4,0.7113655090198278,0.0,normal,2024,historical_2024,1,off_peak,1,2.6369,0.1623,0.07,2799.2,2995.144,2200.0,2026,2700.0,3200.0,3700.0,4200.0,4700.0,5200.0,5700.0,6200.0,6700.0,7200.0,0.8,0,1,I08a,8,0.9
2024-05-01 12:30:00,0,0.0,4.0,0.0,4.375,1.0,0.0,8165.3,0.7157395557581389,0.0,normal,2024,historical_2024,1,off_peak,1,2.6369,0.1623,0.07,2799.2,2995.144,2200.0,2026,2700.0,3200.0,3700.0,4200.0,4700.0,5200.0,5700.0,6200.0,6700.0,7200.0,0.8,0,1,I08a,8,0.9
2024-05-01 12:45:00,0,0.0,4.0,0.0,4.375,1.0,0.0,8215.2,0.72011360249645,0.0,normal,2024,historical_2024,1,off_peak,1,2.6369,0.1623,0.07,2799.2,2995.144,2200.0,2026,2700.0,3200.0,3700.0,4200.0,4700.0,5200.0,5700.0,6200.0,6700.0,7200.0,0.8,0,1,I08a,8,0.9
2024-05-01 13:00:00,0,0.0,4.0,0.0,4.375,0.0,4.8,8265.1,0.7244876492347609,0.0,normal,2024,historical_2024,0,off_peak,1,2.6369,0.1623,0.07,2799.2,2995.144,2200.0,2026,2700.0,3200.0,3700.0,4200.0,4700.0,5200.0,5700.0,6200.0,6700.0,7200.0,0.8,0,1,I08a,8,0.9
2024-05-01 13:15:00,0,0.0,4.0,0.0,4.375,0.0,4.8,8333.4,0.7304745709226695,0.0,normal,2024,historical_2024,1,off_peak,1,2.6369,0.1623,0.07,2799.2,2995.144,2200.0,2026,2700.0,3200.0,3700.0,4200.0,4700.0,5200.0,5700.0,6200.0,6700.0,7200.0,0.8,0,1,I08a,8,0.9
2024-05-01 13:30:00,0,1.0,0.0,1.0,0.0,0.0,4.8,8401.7,0.7364614926105784,0.0,normal,2024,historical_2024,1,off_peak,1,2.6369,0.1623,0.07,2799.2,2995.144,2200.0,2026,2700.0,3200.0,3700.0,4200.0,4700.0,5200.0,5700.0,6200.0,6700.0,7200.0,0.8,0,1,I08a,8,0.9
2024-05-01 13:45:00,0,1.0,0.0,1.0,0.0,0.0,4.8,8470.0,0.742448414298487,0.0,normal,2024,historical_2024,1,off_peak,1,2.6369,0.1623,0.07,2799.2,2995.144,2200.0,2026,2700.0,3200.0,3700.0,4200.0,4700.0,5200.0,5700.0,6200.0,6700.0,7200.0,0.8,0,1,I08a,8,0.9
2024-05-01 14:00:00,0,0.0,4.0,0.0,4.375,0.0,4.8,8538.3,0.7484353359863957,0.0,normal,2024,historical_2024,0,off_peak,1,2.6369,0.1623,0.07,2799.2,2995.144,2200.0,2026,2700.0,3200.0,3700.0,4200.0,4700.0,5200.0,5700.0,6200.0,6700.0,7200.0,0.8,0,1,I08a,8,0.9
2024-05-01 14:15:00,0,0.0,4.0,0.0,4.375,0.0,4.8,8577.324999999999,0.7518561210357461,0.0,normal,2024,historical_2024,1,off_peak,1,2.6369,0.1623,0.07,2799.2,2995.144,2200.0,2026,2700.0,3200.0,3700.0,4200.0,4700.0,5200.0,5700.0,6200.0,6700.0,7200.0,0.8,0,1,I08a,8,0.9
2024-05-01 14:30:00,0,0.0,4.0,0.0,4.375,0.0,4.8,8616.349999999999,0.7552769060850965,0.0,normal,2024,historical_2024,1,off_peak,1,2.6369,0.1623,0.07,2799.2,2995.144,2200.0,2026,2700.0,3200.0,3700.0,4200.0,4700.0,5200.0,5700.0,6200.0,6700.0,7200.0,0.8,0,1,I08a,8,0.9
2024-05-01 14:45:00,0,0.0,4.0,0.0,4.375,0.0,4.8,8655.375,0.7586976911344471,0.0,normal,2024,historical_2024,1,off_peak,1,2.6369,0.1623,0.07,2799.2,2995.144,2200.0,2026,2700.0,3200.0,3700.0,4200.0,4700.0,5200.0,5700.0,6200.0,6700.0,7200.0,0.8,0,1,I08a,8,0.9
2024-05-01 15:00:00,0,0.0,4.0,0.0,4.375,0.0,4.8,8694.4,0.7621184761837976,0.0,normal,2024,historical_2024,0,off_peak,1,2.6369,0.1623,0.07,2799.2,2995.144,2200.0,2026,2700.0,3200.0,3700.0,4200.0,4700.0,5200.0,5700.0,6200.0,6700.0,7200.0,0.8,0,1,I08a,8,0.9
2024-05-01 15:15:00,0,0.0,4.0,0.0,4.375,0.0,4.8,8688.6,0.7616100699496853,0.0,normal,2024,historical_2024,1,off_peak,1,2.6369,0.1623,0.07,2799.2,2995.144,2200.0,2026,2700.0,3200.0,3700.0,4200.0,4700.0,5200.0,5700.0,6200.0,6700.0,7200.0,0.8,0,1,I08a,8,0.9
2024-05-01 15:30:00,0,0.0,4.0,0.0,4.375,1.0,0.0,8682.8,0.7611016637155729,0.0,normal,2024,historical_2024,1,off_peak,1,2.6369,0.1623,0.07,2799.2,2995.144,2200.0,2026,2700.0,3200.0,3700.0,4200.0,4700.0,5200.0,5700.0,6200.0,6700.0,7200.0,0.8,0,1,I08a,8,0.9
2024-05-01 15:45:00,0,0.0,4.0,0.0,4.375,1.0,0.0,8677.0,0.7605932574814607,0.0,normal,2024,historical_2024,1,off_peak,1,2.6369,0.1623,0.07,2799.2,2995.144,2200.0,2026,2700.0,3200.0,3700.0,4200.0,4700.0,5200.0,5700.0,6200.0,6700.0,7200.0,0.8,0,1,I08a,8,0.9
2024-05-01 16:00:00,0,0.0,4.0,1.0,0.0,0.0,4.8,8671.2,0.7600848512473484,0.0,normal,2024,historical_2024,0,off_peak,1,2.6369,0.1623,0.07,2799.2,2995.144,2200.0,2026,2700.0,3200.0,3700.0,4200.0,4700.0,5200.0,5700.0,6200.0,6700.0,7200.0,0.8,0,1,I08a,8,0.9
2024-05-01 16:15:00,0,0.0,4.0,1.0,0.0,0.0,4.8,8606.825,0.7544419803299381,0.0,normal,2024,historical_2024,1,off_peak,1,2.6369,0.1623,0.07,2799.2,2995.144,2200.0,2026,2700.0,3200.0,3700.0,4200.0,4700.0,5200.0,5700.0,6200.0,6700.0,7200.0,0.8,0,1,I08a,8,0.9
2024-05-01 16:30:00,0,1.0,0.0,0.0,4.375,0.0,4.8,8542.45,0.7487991094125278,0.0,normal,2024,historical_2024,1,off_peak,1,2.6369,0.1623,0.07,2799.2,2995.144,2200.0,2026,2700.0,3200.0,3700.0,4200.0,4700.0,5200.0,5700.0,6200.0,6700.0,7200.0,0.8,0,1,I08a,8,0.9
2024-05-01 16:45:00,0,1.0,0.0,0.0,4.375,0.0,4.8,8478.075,0.7431562384951176,0.0,normal,2024,historical_2024,1,off_peak,1,2.6369,0.1623,0.07,2799.2,2995.144,2200.0,2026,2700.0,3200.0,3700.0,4200.0,4700.0,5200.0,5700.0,6200.0,6700.0,7200.0,0.8,0,1,I08a,8,0.9
2024-05-01 17:00:00,0,0.0,4.0,0.0,4.375,0.0,4.8,8413.7,0.7375133675777072,0.0,normal,2024,historical_2024,0,off_peak,1,2.6369,0.1623,0.07,2799.2,2995.144,2200.0,2026,2700.0,3200.0,3700.0,4200.0,4700.0,5200.0,5700.0,6200.0,6700.0,7200.0,0.8,0,1,I08a,8,0.9
2024-05-01 17:15:00,0,0.0,4.0,0.0,4.375,0.0,4.8,8362.45,0.7330209849055942,0.0,normal,2024,historical_2024,1,off_peak,1,2.6369,0.1623,0.07,2799.2,2995.144,2200.0,2026,2700.0,3200.0,3700.0,4200.0,4700.0,5200.0,5700.0,6200.0,6700.0,7200.0,0.8,0,1,I08a,8,0.9
